-- -------------------------------------------------------------
-- TablePlus 4.0.2(374)
--
-- https://tableplus.com/
--
-- Database: ecommerceapi
-- Generation Time: 2021-08-29 21:11:26.9090
-- -------------------------------------------------------------


/*!40101 SET @OLD_CHARACTER_SET_CLIENT=@@CHARACTER_SET_CLIENT */;
/*!40101 SET @OLD_CHARACTER_SET_RESULTS=@@CHARACTER_SET_RESULTS */;
/*!40101 SET @OLD_COLLATION_CONNECTION=@@COLLATION_CONNECTION */;
/*!40101 SET NAMES utf8mb4 */;
/*!40014 SET @OLD_UNIQUE_CHECKS=@@UNIQUE_CHECKS, UNIQUE_CHECKS=0 */;
/*!40014 SET @OLD_FOREIGN_KEY_CHECKS=@@FOREIGN_KEY_CHECKS, FOREIGN_KEY_CHECKS=0 */;
/*!40101 SET @OLD_SQL_MODE=@@SQL_MODE, SQL_MODE='NO_AUTO_VALUE_ON_ZERO' */;
/*!40111 SET @OLD_SQL_NOTES=@@SQL_NOTES, SQL_NOTES=0 */;


CREATE TABLE `migrations` (
  `id` int(10) unsigned NOT NULL AUTO_INCREMENT,
  `migration` varchar(255) COLLATE utf8mb4_unicode_ci NOT NULL,
  `batch` int(11) NOT NULL,
  PRIMARY KEY (`id`)
) ENGINE=InnoDB AUTO_INCREMENT=7 DEFAULT CHARSET=utf8mb4 COLLATE=utf8mb4_unicode_ci;

CREATE TABLE `password_resets` (
  `email` varchar(255) COLLATE utf8mb4_unicode_ci NOT NULL,
  `token` varchar(255) COLLATE utf8mb4_unicode_ci NOT NULL,
  `created_at` timestamp NULL DEFAULT NULL,
  KEY `password_resets_email_index` (`email`)
) ENGINE=InnoDB DEFAULT CHARSET=utf8mb4 COLLATE=utf8mb4_unicode_ci;

CREATE TABLE `personal_access_tokens` (
  `id` bigint(20) unsigned NOT NULL AUTO_INCREMENT,
  `tokenable_type` varchar(255) COLLATE utf8mb4_unicode_ci NOT NULL,
  `tokenable_id` bigint(20) unsigned NOT NULL,
  `name` varchar(255) COLLATE utf8mb4_unicode_ci NOT NULL,
  `token` varchar(64) COLLATE utf8mb4_unicode_ci NOT NULL,
  `abilities` text COLLATE utf8mb4_unicode_ci DEFAULT NULL,
  `last_used_at` timestamp NULL DEFAULT NULL,
  `created_at` timestamp NULL DEFAULT NULL,
  `updated_at` timestamp NULL DEFAULT NULL,
  PRIMARY KEY (`id`),
  UNIQUE KEY `personal_access_tokens_token_unique` (`token`),
  KEY `personal_access_tokens_tokenable_type_tokenable_id_index` (`tokenable_type`,`tokenable_id`)
) ENGINE=InnoDB DEFAULT CHARSET=utf8mb4 COLLATE=utf8mb4_unicode_ci;

CREATE TABLE `products` (
  `id` bigint(20) unsigned NOT NULL AUTO_INCREMENT,
  `name` varchar(255) COLLATE utf8mb4_unicode_ci NOT NULL,
  `detail` text COLLATE utf8mb4_unicode_ci NOT NULL,
  `price` int(11) NOT NULL,
  `stock` int(11) NOT NULL,
  `discount` int(11) NOT NULL,
  `created_at` timestamp NULL DEFAULT NULL,
  `updated_at` timestamp NULL DEFAULT NULL,
  PRIMARY KEY (`id`)
) ENGINE=InnoDB AUTO_INCREMENT=51 DEFAULT CHARSET=utf8mb4 COLLATE=utf8mb4_unicode_ci;

CREATE TABLE `reviews` (
  `id` bigint(20) unsigned NOT NULL AUTO_INCREMENT,
  `product_id` bigint(20) unsigned NOT NULL,
  `customer` varchar(255) COLLATE utf8mb4_unicode_ci NOT NULL,
  `review` text COLLATE utf8mb4_unicode_ci NOT NULL,
  `star` int(11) NOT NULL,
  `created_at` timestamp NULL DEFAULT NULL,
  `updated_at` timestamp NULL DEFAULT NULL,
  PRIMARY KEY (`id`),
  KEY `1` (`product_id`),
  CONSTRAINT `1` FOREIGN KEY (`product_id`) REFERENCES `products` (`id`)
) ENGINE=InnoDB AUTO_INCREMENT=301 DEFAULT CHARSET=utf8mb4 COLLATE=utf8mb4_unicode_ci;

CREATE TABLE `users` (
  `id` bigint(20) unsigned NOT NULL AUTO_INCREMENT,
  `name` varchar(255) COLLATE utf8mb4_unicode_ci NOT NULL,
  `email` varchar(255) COLLATE utf8mb4_unicode_ci NOT NULL,
  `email_verified_at` timestamp NULL DEFAULT NULL,
  `password` varchar(255) COLLATE utf8mb4_unicode_ci NOT NULL,
  `remember_token` varchar(100) COLLATE utf8mb4_unicode_ci DEFAULT NULL,
  `created_at` timestamp NULL DEFAULT NULL,
  `updated_at` timestamp NULL DEFAULT NULL,
  PRIMARY KEY (`id`),
  UNIQUE KEY `users_email_unique` (`email`)
) ENGINE=InnoDB DEFAULT CHARSET=utf8mb4 COLLATE=utf8mb4_unicode_ci;

INSERT INTO `migrations` (`id`, `migration`, `batch`) VALUES
(1, '2014_10_12_000000_create_users_table', 1),
(2, '2014_10_12_100000_create_password_resets_table', 1),
(3, '2019_08_19_000000_create_failed_jobs_table', 1),
(4, '2019_12_14_000001_create_personal_access_tokens_table', 1),
(5, '2021_08_29_145033_create_products_table', 1),
(6, '2021_08_29_145228_create_reviews_table', 1);

INSERT INTO `products` (`id`, `name`, `detail`, `price`, `stock`, `discount`, `created_at`, `updated_at`) VALUES
(1, 'incidunt', 'Voluptate et eos aspernatur. Quia quod quisquam natus ipsum sed illo laborum. Vel rerum et ut numquam omnis eius at.', 380, 0, 5, '2021-08-29 18:54:51', '2021-08-29 18:54:51'),
(2, 'reiciendis', 'Modi molestiae inventore et et praesentium ut optio. Commodi iste similique ullam sint odio ad asperiores. Sed ad assumenda enim omnis nihil qui aut.', 325, 3, 28, '2021-08-29 18:54:51', '2021-08-29 18:54:51'),
(3, 'accusamus', 'Sint quia eum explicabo. Repellat et voluptatem quod. Iusto fugiat omnis qui consectetur.', 394, 5, 28, '2021-08-29 18:54:51', '2021-08-29 18:54:51'),
(4, 'eos', 'Autem ut blanditiis pariatur quo. Fugit omnis officia aliquam. Qui qui ipsum rem occaecati et explicabo molestiae.', 186, 9, 3, '2021-08-29 18:54:51', '2021-08-29 18:54:51'),
(5, 'ut', 'Repellat autem ut nesciunt reiciendis reiciendis officia. Enim labore at quidem ut soluta numquam. Rerum repudiandae est similique esse repellendus.', 448, 0, 26, '2021-08-29 18:54:51', '2021-08-29 18:54:51'),
(6, 'eius', 'Omnis amet ab eum. Ab doloremque ipsa doloremque et. Ut laboriosam ut et. Perspiciatis consequuntur voluptas assumenda earum ut ducimus.', 380, 6, 12, '2021-08-29 18:54:51', '2021-08-29 18:54:51'),
(7, 'aut', 'Enim magnam ea soluta eos. Nihil ut natus minus non veritatis et maiores. Aut ipsa eum omnis officiis id maxime. Minima eius labore quod quasi earum et cum voluptate.', 373, 9, 6, '2021-08-29 18:54:51', '2021-08-29 18:54:51'),
(8, 'incidunt', 'Error doloribus voluptatem expedita. Non dolores laborum quia aperiam ducimus dolorum.', 313, 1, 18, '2021-08-29 18:54:51', '2021-08-29 18:54:51'),
(9, 'sed', 'Molestias alias velit voluptatum. Modi eum vitae enim ea et. Qui accusamus in unde ipsa cumque. Est sit omnis voluptates exercitationem.', 705, 7, 12, '2021-08-29 18:54:51', '2021-08-29 18:54:51'),
(10, 'illum', 'Id vitae repellendus qui sapiente at. Accusamus sed voluptatem eveniet modi. Est atque aspernatur nisi laboriosam nisi laboriosam suscipit.', 951, 3, 16, '2021-08-29 18:54:51', '2021-08-29 18:54:51'),
(11, 'et', 'Excepturi consectetur ut aperiam quod. Aperiam sapiente ratione quo cumque vel. Qui quam repudiandae et recusandae magni qui omnis.', 772, 3, 7, '2021-08-29 18:54:51', '2021-08-29 18:54:51'),
(12, 'eos', 'Consequatur sint maxime eaque. Distinctio sint ut esse sit.', 145, 5, 2, '2021-08-29 18:54:51', '2021-08-29 18:54:51'),
(13, 'corporis', 'Nihil occaecati dolorem quo. Sit eum quis velit fugit nobis doloremque. Eum natus ut quod soluta. Error qui est libero nulla consequatur eaque possimus.', 783, 3, 6, '2021-08-29 18:54:51', '2021-08-29 18:54:51'),
(14, 'et', 'Et sed quia expedita necessitatibus necessitatibus totam ipsa. Et qui occaecati consequuntur aut quos. Dignissimos quo quo provident optio laborum velit ea aut.', 595, 8, 12, '2021-08-29 18:54:51', '2021-08-29 18:54:51'),
(15, 'iste', 'Fugit placeat ex aut saepe. Aut vel magni qui quasi. Ea hic reprehenderit tempora omnis exercitationem repudiandae dolores sunt.', 486, 5, 7, '2021-08-29 18:54:51', '2021-08-29 18:54:51'),
(16, 'aut', 'Laboriosam fugiat incidunt eos quia. Accusamus temporibus ea aliquam et quo ullam voluptatibus. A nemo pariatur iure enim. Modi quam eos deserunt fugit. Accusamus velit similique aperiam iusto inventore qui provident velit.', 450, 7, 9, '2021-08-29 18:54:51', '2021-08-29 18:54:51'),
(17, 'consequatur', 'Nisi est vel saepe et repellendus. Eligendi et blanditiis aspernatur et et aspernatur explicabo.', 315, 0, 21, '2021-08-29 18:54:51', '2021-08-29 18:54:51'),
(18, 'qui', 'Et consequuntur commodi et rem fugit. Voluptates voluptatem deserunt voluptas ipsa similique voluptatibus consequatur. Cupiditate sequi ipsum est ea. Dolor tempora quia ratione ullam vero odio.', 946, 4, 18, '2021-08-29 18:54:51', '2021-08-29 18:54:51'),
(19, 'animi', 'Quia est sit quia sequi earum eligendi dicta. Dicta et quisquam illum corrupti accusamus ea. Impedit mollitia id et laboriosam ex est quos.', 482, 4, 28, '2021-08-29 18:54:51', '2021-08-29 18:54:51'),
(20, 'qui', 'Illo eligendi quo unde enim. Accusamus quis exercitationem doloremque doloremque vel voluptas. Deserunt temporibus inventore nesciunt nam commodi non explicabo modi.', 468, 2, 22, '2021-08-29 18:54:51', '2021-08-29 18:54:51'),
(21, 'qui', 'Quae ut consequatur aut consectetur. Et quae nihil debitis reiciendis reprehenderit sunt. Reprehenderit totam perspiciatis omnis officia.', 956, 5, 29, '2021-08-29 18:54:51', '2021-08-29 18:54:51'),
(22, 'doloremque', 'Quo occaecati aliquid sed. Odio ut vel vel sit asperiores nulla. Nostrum libero et occaecati autem. Sapiente eligendi est doloribus earum.', 540, 3, 3, '2021-08-29 18:54:51', '2021-08-29 18:54:51'),
(23, 'illum', 'Consectetur qui maiores error aut aliquam veniam minima. Id aliquam saepe blanditiis est quia. Aperiam quidem vel quia delectus nihil aliquam quod. Ea illo sint earum enim sed voluptate impedit. Esse consectetur mollitia est doloribus quia.', 991, 8, 24, '2021-08-29 18:54:51', '2021-08-29 18:54:51'),
(24, 'labore', 'Aspernatur dolorem atque esse iste architecto eaque. Nisi ipsam dolor tempore velit excepturi architecto ipsam. Rerum quisquam esse minus cum autem.', 689, 3, 9, '2021-08-29 18:54:51', '2021-08-29 18:54:51'),
(25, 'sed', 'Qui voluptate et et occaecati alias aut. Similique vel facere culpa debitis ut perferendis deserunt corrupti. Aut nihil laudantium placeat ipsam.', 879, 2, 27, '2021-08-29 18:54:51', '2021-08-29 18:54:51'),
(26, 'labore', 'Voluptatem et aut vel tempora. Laboriosam voluptas temporibus autem deserunt facere voluptatem nihil culpa. Similique sit architecto et voluptas.', 310, 7, 28, '2021-08-29 18:54:51', '2021-08-29 18:54:51'),
(27, 'a', 'Omnis id mollitia nulla sed molestiae quibusdam aut. Aut sint eligendi magni est temporibus sequi. Qui qui et deserunt voluptas cum rerum. Esse tempore omnis sed dolorem.', 551, 4, 4, '2021-08-29 18:54:51', '2021-08-29 18:54:51'),
(28, 'est', 'Et eum ex dolor voluptas aut laudantium cumque. Maiores odit est dolorum fugiat. Sit molestias nulla iste.', 646, 6, 15, '2021-08-29 18:54:51', '2021-08-29 18:54:51'),
(29, 'sint', 'Ratione magnam dicta quo itaque corrupti quod est iste. Nam odit reiciendis eum ullam iste dolorem qui. Accusamus explicabo ipsam ut sapiente nesciunt omnis vitae rerum. Architecto tenetur et autem repellat architecto eos ratione sed.', 574, 7, 21, '2021-08-29 18:54:51', '2021-08-29 18:54:51'),
(30, 'dolore', 'Ea voluptatum provident alias quisquam voluptatum. Et dolore porro dolor et nihil sed architecto. Omnis laboriosam esse ut culpa architecto. Laboriosam incidunt impedit sapiente eos neque sint sed.', 530, 8, 21, '2021-08-29 18:54:51', '2021-08-29 18:54:51'),
(31, 'ducimus', 'Tempora dolorem mollitia est rerum atque tempore voluptatem facilis. Voluptatum placeat unde eligendi sequi soluta et dolores. Qui natus fugit reprehenderit magni et. Dolorum sint rem rem quod expedita. Vel quo unde exercitationem molestiae repudiandae.', 224, 6, 27, '2021-08-29 18:54:51', '2021-08-29 18:54:51'),
(32, 'culpa', 'Debitis aperiam ea sit. Itaque adipisci corrupti rerum omnis. Corporis sit quia aliquid aut culpa et. Animi non veniam sunt. Eum nostrum veniam dolorem sint eos.', 418, 9, 6, '2021-08-29 18:54:51', '2021-08-29 18:54:51'),
(33, 'est', 'Et doloremque placeat exercitationem quo hic est. Autem et amet dolorem sunt dolorum. Illum fugit vel sit laboriosam quis. Eos molestiae et minus ipsum ut repellat quis.', 886, 7, 7, '2021-08-29 18:54:51', '2021-08-29 18:54:51'),
(34, 'qui', 'Incidunt est sed et maxime minima. Omnis occaecati asperiores pariatur ullam vel optio sapiente. Quo ea ut nemo et pariatur et.', 880, 7, 7, '2021-08-29 18:54:51', '2021-08-29 18:54:51'),
(35, 'suscipit', 'Excepturi inventore debitis eaque adipisci. Tempore cum asperiores voluptate nisi impedit et ipsa. Quia quaerat enim veritatis qui. Velit exercitationem facere corrupti itaque placeat libero nam.', 758, 1, 28, '2021-08-29 18:54:51', '2021-08-29 18:54:51'),
(36, 'quia', 'Facere ut quo id aut esse a aliquid ipsam. Pariatur quia ut ut magnam neque doloremque. Et facilis commodi et nobis quibusdam.', 948, 5, 11, '2021-08-29 18:54:51', '2021-08-29 18:54:51'),
(37, 'labore', 'Voluptas beatae unde provident id molestiae qui. Impedit nulla sit molestiae. Inventore optio aut enim corrupti ut nulla in. Aspernatur non fugiat ex sit et qui.', 706, 9, 11, '2021-08-29 18:54:51', '2021-08-29 18:54:51'),
(38, 'sed', 'Neque consequatur molestiae quibusdam id. Ea id et quis. Tempore autem doloremque omnis ut voluptatem illo.', 591, 6, 29, '2021-08-29 18:54:51', '2021-08-29 18:54:51'),
(39, 'optio', 'Magnam sit tempore accusamus nihil aut ut consectetur et. Id amet nihil veritatis dolorem architecto quo qui. Tempore minima voluptatem neque quo.', 222, 1, 24, '2021-08-29 18:54:51', '2021-08-29 18:54:51'),
(40, 'pariatur', 'Cum facere qui occaecati eum sunt eligendi sequi. Perspiciatis optio ut magni molestiae rerum. Eum voluptates voluptas assumenda hic consequatur. Laboriosam qui laboriosam sint a.', 713, 5, 20, '2021-08-29 18:54:51', '2021-08-29 18:54:51'),
(41, 'ut', 'Dolorum consequuntur dolor necessitatibus dolore et veritatis earum. Distinctio quae eius laudantium enim dolores. Voluptatibus laborum molestiae eum sed omnis iure.', 742, 1, 2, '2021-08-29 18:54:51', '2021-08-29 18:54:51'),
(42, 'in', 'Labore tempore maiores aliquam. Itaque dicta porro est unde illum. Nam exercitationem soluta enim dignissimos et commodi aut. Cum doloribus quia dignissimos id architecto nostrum reprehenderit. Blanditiis enim accusantium veniam perferendis.', 835, 3, 12, '2021-08-29 18:54:51', '2021-08-29 18:54:51'),
(43, 'excepturi', 'Aut rerum ut enim. Repellendus similique ex qui sit ratione ab commodi. Fuga aliquam odio facilis est illo ipsa tenetur. Et ut velit ut. Aut amet et dolor sed.', 829, 4, 7, '2021-08-29 18:54:51', '2021-08-29 18:54:51'),
(44, 'dolorum', 'Inventore dolores eaque omnis voluptas nam ab. Autem asperiores rerum adipisci fuga quasi. Qui ratione sunt rerum modi et cupiditate. Tempora a est qui cupiditate eius in.', 317, 6, 20, '2021-08-29 18:54:51', '2021-08-29 18:54:51'),
(45, 'aut', 'Et libero deserunt et doloribus odit aperiam sunt. Reprehenderit velit ut incidunt provident. Sit et sint sint ut aut. Tempora odio ut quo et sint.', 207, 1, 2, '2021-08-29 18:54:51', '2021-08-29 18:54:51'),
(46, 'et', 'Quo eaque tenetur nesciunt iste. Aut omnis nostrum non sit molestias minima. Sint deserunt ut voluptas pariatur commodi nihil rem.', 124, 3, 28, '2021-08-29 18:54:51', '2021-08-29 18:54:51'),
(47, 'praesentium', 'Fuga libero ad dolores dolorem at ratione reiciendis. Accusantium beatae saepe adipisci animi ab sed eaque. Cum iure modi assumenda occaecati quos quidem ut. Quae tempora voluptatibus repellat voluptas rerum error voluptas est.', 512, 4, 16, '2021-08-29 18:54:51', '2021-08-29 18:54:51'),
(48, 'odit', 'Aut eos et nesciunt occaecati est harum. Dolores molestias non consequuntur ullam impedit qui. Voluptatem hic non nemo sed laboriosam repudiandae neque. Sed laboriosam repudiandae doloribus natus voluptatum qui.', 958, 8, 25, '2021-08-29 18:54:51', '2021-08-29 18:54:51'),
(49, 'qui', 'Voluptatem animi at necessitatibus nostrum deleniti. Sed numquam nesciunt iste dolorem possimus recusandae est. Sit deleniti aliquam sint soluta. Voluptas aperiam rem et.', 380, 4, 10, '2021-08-29 18:54:51', '2021-08-29 18:54:51'),
(50, 'natus', 'Reiciendis ex earum nihil voluptas doloribus rerum qui. Velit repellendus doloremque minus corrupti molestiae quisquam. Non ipsa tempora delectus. Optio ut pariatur vero id.', 651, 3, 8, '2021-08-29 18:54:51', '2021-08-29 18:54:51');

INSERT INTO `reviews` (`id`, `product_id`, `customer`, `review`, `star`, `created_at`, `updated_at`) VALUES
(1, 37, 'Danielle Borer', 'Aspernatur sit quis sed. Quas laboriosam dolores fuga.', 1, '2021-08-29 18:54:52', '2021-08-29 18:54:52'),
(2, 30, 'Jordon Beer', 'Distinctio quibusdam nobis debitis rerum. Quia corporis reiciendis ut consectetur deleniti. Libero nulla asperiores excepturi quis. Quas sed consequatur autem tempore repellat qui voluptatum.', 0, '2021-08-29 18:54:52', '2021-08-29 18:54:52'),
(3, 5, 'Trinity Cartwright IV', 'Officiis quia nihil vitae ut dolor. Ipsa qui quis fuga. Culpa expedita illum cupiditate voluptatem quidem non. Minima id debitis et consequatur omnis.', 3, '2021-08-29 18:54:52', '2021-08-29 18:54:52'),
(4, 37, 'Hester Dickens', 'Eum velit quasi mollitia perferendis consequatur non. Cupiditate dignissimos vero et sint temporibus. Ex qui in dolorem nesciunt ducimus ipsa voluptatibus. Ut inventore excepturi inventore.', 0, '2021-08-29 18:54:52', '2021-08-29 18:54:52'),
(5, 19, 'Mrs. Kailey Nader', 'Consectetur atque molestiae ducimus nesciunt inventore voluptatibus voluptatibus distinctio. Eveniet distinctio voluptas assumenda ea earum et sit. Veniam qui non laudantium quibusdam beatae velit. Ut delectus eum eaque deserunt consequatur quae quis.', 3, '2021-08-29 18:54:52', '2021-08-29 18:54:52'),
(6, 8, 'Luella Morissette II', 'Delectus sed est eius eum hic asperiores. Eveniet at accusamus eum et quia saepe debitis. Aspernatur repellendus velit quisquam voluptatem. Eos voluptatum earum officia atque.', 3, '2021-08-29 18:54:52', '2021-08-29 18:54:52'),
(7, 44, 'Bethel Doyle', 'Voluptas voluptatem earum laudantium tempora qui. Sint provident ab nemo sed. Optio et dolor quibusdam in. Minima distinctio laboriosam omnis.', 2, '2021-08-29 18:54:52', '2021-08-29 18:54:52'),
(8, 44, 'Prof. Candace Stroman', 'Officia possimus iste accusantium dolores. Voluptatibus iste est qui ea nam voluptatem. Ab temporibus amet fuga. Aut aliquid ut et est quis magni sequi et.', 5, '2021-08-29 18:54:52', '2021-08-29 18:54:52'),
(9, 40, 'Hilton Wolff I', 'Inventore enim itaque voluptatibus ipsam ut iste. Et voluptate omnis repellendus labore similique. Quos est autem optio esse eum dolor. Aut vel quasi voluptate asperiores.', 0, '2021-08-29 18:54:52', '2021-08-29 18:54:52'),
(10, 46, 'Ms. Jennifer Strosin V', 'Quisquam rerum enim odio consectetur. Earum magnam magnam in rerum sed ab. In ut molestias magnam delectus ab eveniet. Facere ut sunt officiis rerum magnam qui.', 2, '2021-08-29 18:54:52', '2021-08-29 18:54:52'),
(11, 29, 'Jeramie Senger', 'Et odit mollitia et et natus. Rerum laborum quasi impedit et expedita veniam repellendus. Iusto reprehenderit voluptates explicabo est.', 5, '2021-08-29 18:54:52', '2021-08-29 18:54:52'),
(12, 31, 'Monique Feil', 'Vero sed repellat enim doloribus corrupti nemo. Accusantium natus aut et est et quae. Officiis et in ipsa modi nesciunt aut molestiae. Atque amet eos est ex.', 3, '2021-08-29 18:54:52', '2021-08-29 18:54:52'),
(13, 8, 'Mr. Freddie Grant IV', 'Est ut temporibus delectus tenetur maiores quo. Nisi illum qui et officia ea sint voluptatum. Occaecati culpa id veritatis nam.', 3, '2021-08-29 18:54:52', '2021-08-29 18:54:52'),
(14, 10, 'Mr. Jaydon Kuhn', 'Sunt aut quasi quas voluptas. Quaerat consequatur soluta dolorem necessitatibus minus qui non. Voluptas magni modi doloremque at laborum sunt quia. Qui est architecto ipsa vel.', 2, '2021-08-29 18:54:52', '2021-08-29 18:54:52'),
(15, 5, 'Orlando Abernathy', 'Sint eos maxime adipisci recusandae. Numquam doloremque atque qui odit. Vel eaque voluptatibus eveniet perferendis.', 0, '2021-08-29 18:54:52', '2021-08-29 18:54:52'),
(16, 3, 'Sabina Schaefer', 'Nostrum excepturi consequuntur iste quo velit sint ut consequatur. In quas maxime quibusdam repellat a distinctio debitis. Ut error facere et voluptate.', 5, '2021-08-29 18:54:52', '2021-08-29 18:54:52'),
(17, 39, 'Dr. Cedrick Doyle II', 'Necessitatibus repellendus ullam aliquid molestiae dolore labore quia. Quidem veniam laborum minima in soluta commodi. Fuga voluptatibus et aut tempore.', 0, '2021-08-29 18:54:52', '2021-08-29 18:54:52'),
(18, 20, 'Mrs. Noelia Cremin II', 'Amet iste et voluptatum at qui officiis est. Ut a veniam et dicta. Sapiente vitae nam qui voluptas aut est. Rerum porro dolores ipsa est.', 0, '2021-08-29 18:54:52', '2021-08-29 18:54:52'),
(19, 16, 'Obie Powlowski', 'Amet maiores assumenda odio aspernatur qui ad quis. Id consequuntur aspernatur optio alias quibusdam aliquid sapiente. Beatae minima aut enim dolores.', 2, '2021-08-29 18:54:52', '2021-08-29 18:54:52'),
(20, 16, 'Esmeralda West Jr.', 'Voluptatem aspernatur nemo aspernatur reiciendis aut aperiam. Culpa nobis deleniti veniam voluptatum.', 2, '2021-08-29 18:54:52', '2021-08-29 18:54:52'),
(21, 9, 'Rickey Pacocha', 'Unde exercitationem doloremque voluptatibus ut esse saepe provident aperiam. Debitis asperiores necessitatibus quas qui. Veritatis illo nihil quia et recusandae.', 1, '2021-08-29 18:54:52', '2021-08-29 18:54:52'),
(22, 6, 'Julianne Rice', 'Et ut suscipit quisquam delectus est qui. Et accusamus pariatur error ut quo. Ducimus sapiente omnis et.', 1, '2021-08-29 18:54:52', '2021-08-29 18:54:52'),
(23, 4, 'Linda Glover', 'Deserunt sequi quidem molestiae dolore assumenda nulla. Sint est est dicta eum minus qui. Molestias beatae nobis error mollitia nesciunt eius vitae. Architecto nesciunt ducimus et soluta eos expedita.', 2, '2021-08-29 18:54:52', '2021-08-29 18:54:52'),
(24, 38, 'Bertrand Grimes', 'Minus facere est et recusandae natus voluptatem eos. Voluptates a aliquid ut aut consectetur est temporibus et. Perferendis dignissimos eveniet quia iste dignissimos est.', 0, '2021-08-29 18:54:52', '2021-08-29 18:54:52'),
(25, 3, 'Mr. Burley Krajcik', 'Optio explicabo commodi pariatur ea qui. Ea dolorum consectetur ex ut ipsum deserunt. Deleniti voluptas et ratione nobis est sint. Et perspiciatis earum quis dolores officia veniam voluptate.', 5, '2021-08-29 18:54:52', '2021-08-29 18:54:52'),
(26, 47, 'Reva Kshlerin', 'Id molestias cumque sed tempora sint. Optio delectus sint provident perferendis et laboriosam consequuntur. Tempora illo et et in odit laudantium ad vitae. Quaerat blanditiis eius tempora odio assumenda possimus.', 1, '2021-08-29 18:54:52', '2021-08-29 18:54:52'),
(27, 11, 'Andrew Welch', 'Itaque et vel unde. Explicabo nulla quidem eius blanditiis iste. Qui sapiente aspernatur neque excepturi ea.', 3, '2021-08-29 18:54:52', '2021-08-29 18:54:52'),
(28, 20, 'Maude Bahringer', 'Velit voluptatem ipsam corporis harum in velit. Et repellendus quidem autem consequatur ut nemo. Dolorem natus animi libero et quasi.', 4, '2021-08-29 18:54:52', '2021-08-29 18:54:52'),
(29, 23, 'Lavada Little', 'Quos officiis rerum quo odio quaerat. Nulla aut ea qui eos magnam inventore. Consequatur nam omnis ab tenetur voluptas libero. Harum et quia velit aut sunt hic.', 1, '2021-08-29 18:54:52', '2021-08-29 18:54:52'),
(30, 37, 'German Bednar', 'Laborum similique laudantium nisi doloribus. Eos non non incidunt inventore nostrum. Et et aperiam officia sit occaecati.', 4, '2021-08-29 18:54:52', '2021-08-29 18:54:52'),
(31, 36, 'Gregorio Nitzsche', 'Enim aut suscipit consequatur ipsa non voluptatem saepe. Eveniet consectetur sed repudiandae ipsa quia qui. Placeat numquam quisquam deserunt porro nulla earum. Nam qui aliquid iusto sint ullam facere delectus ullam.', 0, '2021-08-29 18:54:52', '2021-08-29 18:54:52'),
(32, 17, 'Vivienne Veum', 'Consequatur corporis distinctio natus vero ratione ullam. Quos qui quia quod sapiente eum modi consequuntur. Autem ipsa dolores quisquam fugiat sit repellat.', 0, '2021-08-29 18:54:52', '2021-08-29 18:54:52'),
(33, 50, 'Mr. Jamaal Erdman Sr.', 'Rerum molestiae omnis ad voluptatum. Optio cumque voluptatem illo quis quasi quibusdam at.', 4, '2021-08-29 18:54:52', '2021-08-29 18:54:52'),
(34, 41, 'Abbey Swift', 'Quod sequi vitae exercitationem quod. Assumenda nam iusto nihil totam expedita laborum. Distinctio ut accusamus dicta.', 2, '2021-08-29 18:54:52', '2021-08-29 18:54:52'),
(35, 45, 'Josefa Altenwerth', 'Et fugit aut repellendus fuga non magnam et facere. Minima inventore aut occaecati minima. Vel voluptates quos saepe enim commodi soluta.', 5, '2021-08-29 18:54:52', '2021-08-29 18:54:52'),
(36, 44, 'Domingo Jacobs', 'Sed quos soluta incidunt cum. Blanditiis iusto qui autem voluptas enim aliquid. Qui occaecati saepe itaque. Velit blanditiis porro eaque.', 2, '2021-08-29 18:54:52', '2021-08-29 18:54:52'),
(37, 42, 'Carlo Brekke', 'Sit ut qui distinctio quia a pariatur porro qui. Voluptatem excepturi voluptatum temporibus id accusamus. Recusandae id deserunt itaque architecto. Praesentium ipsum veniam aut voluptates dolor.', 4, '2021-08-29 18:54:52', '2021-08-29 18:54:52'),
(38, 11, 'Prof. Allison Schuppe II', 'Laboriosam dolore sed rerum natus placeat iure. Voluptates molestiae earum quos dignissimos eum et accusamus nostrum. Dolores enim voluptates rem nobis harum. Ut quaerat voluptatem quis id occaecati sed. Quibusdam nam et a quo.', 5, '2021-08-29 18:54:52', '2021-08-29 18:54:52'),
(39, 44, 'Morris Mertz', 'Ducimus cumque esse est quisquam facilis sint saepe nihil. Voluptatibus id officiis dolorem sint. Facere hic est doloribus non magnam non tempore quasi. Perferendis eum omnis soluta et aliquid maiores libero. Quidem molestias ea est rerum molestiae.', 2, '2021-08-29 18:54:52', '2021-08-29 18:54:52'),
(40, 42, 'Amira Walker', 'Voluptatum et et tempore facere voluptatibus sunt odio. Asperiores nostrum aut voluptatibus atque a possimus. Aut aspernatur nemo aut commodi at aperiam labore.', 0, '2021-08-29 18:54:52', '2021-08-29 18:54:52'),
(41, 48, 'Orin Mohr', 'Provident nam libero sequi accusantium hic magnam. Illo iusto laborum eaque tempore in. Eius magni modi maxime. Quo numquam assumenda quod saepe ea praesentium officia.', 2, '2021-08-29 18:54:52', '2021-08-29 18:54:52'),
(42, 37, 'Mona White', 'Accusamus nostrum repellendus reprehenderit accusamus libero. Praesentium quia ratione pariatur et. Reiciendis aliquid est sapiente qui quam.', 4, '2021-08-29 18:54:52', '2021-08-29 18:54:52'),
(43, 31, 'Dr. Keaton Jast III', 'Omnis quod expedita molestiae totam dolorem delectus quaerat. Quidem cumque alias eveniet unde minus enim.', 1, '2021-08-29 18:54:52', '2021-08-29 18:54:52'),
(44, 3, 'Nora Hyatt', 'Repellat omnis omnis quos nostrum. Et cum mollitia in porro voluptatem. Eos eius iusto temporibus vitae neque aut perspiciatis. A natus quas porro officia numquam.', 5, '2021-08-29 18:54:52', '2021-08-29 18:54:52'),
(45, 13, 'Chesley Johnson MD', 'Molestias ut eos illum minima voluptatibus. Soluta culpa nobis et eos. Quos aut et voluptas dolore laborum recusandae sequi tenetur. Consequatur et ut quae nihil soluta ipsum. Laborum reiciendis vitae quia incidunt veritatis consequatur.', 4, '2021-08-29 18:54:52', '2021-08-29 18:54:52'),
(46, 28, 'Eliezer Toy', 'Quaerat voluptas qui blanditiis quasi maiores aut necessitatibus. Officiis totam ratione occaecati quia. Aspernatur veritatis quo aut nisi in laborum magni. Voluptatem nostrum asperiores ipsam dolores est facilis.', 0, '2021-08-29 18:54:52', '2021-08-29 18:54:52'),
(47, 2, 'Dandre Block', 'Blanditiis earum nisi quam occaecati. Et iusto cum ea iste iste esse magnam. Facere rerum velit iusto. Fugiat reprehenderit repudiandae rerum optio.', 0, '2021-08-29 18:54:52', '2021-08-29 18:54:52'),
(48, 21, 'Claude Gottlieb', 'Aut enim qui ut quia corrupti voluptatem explicabo. Doloribus omnis aut eius. Ipsam totam non qui in doloremque est. Vel possimus dolores neque repellat est.', 4, '2021-08-29 18:54:52', '2021-08-29 18:54:52'),
(49, 21, 'Deon Little', 'Et repudiandae accusamus perspiciatis sed sed repudiandae esse. Molestias neque aut labore. Velit aut doloremque ullam rerum accusantium labore dolores.', 1, '2021-08-29 18:54:52', '2021-08-29 18:54:52'),
(50, 4, 'Mr. Robb Greenholt I', 'Inventore provident in tenetur maxime vel cum cumque. Perspiciatis consequatur qui rerum deserunt enim et qui ut. Veniam aut earum maxime.', 2, '2021-08-29 18:54:52', '2021-08-29 18:54:52'),
(51, 34, 'Prof. Andreane Bins IV', 'Nesciunt numquam ipsa qui laborum fugit animi. Ex animi consequatur maxime dolores adipisci officia. Earum vel porro facilis et nulla laborum et.', 1, '2021-08-29 18:54:52', '2021-08-29 18:54:52'),
(52, 48, 'Delia Bartoletti', 'Incidunt velit quaerat culpa qui asperiores qui. Aut nihil sunt qui incidunt. Error architecto quia aut quibusdam porro enim repellat.', 2, '2021-08-29 18:54:52', '2021-08-29 18:54:52'),
(53, 18, 'Jimmie Stroman', 'Molestias quam aliquid provident maiores vel molestiae. Sint eius enim consequatur sit quo sint aut. Dolorem est deserunt qui tempora amet tempora. Hic saepe eveniet voluptatem id.', 3, '2021-08-29 18:54:52', '2021-08-29 18:54:52'),
(54, 36, 'Mrs. Shanon Russel', 'Ut beatae dolores quidem numquam quia molestias. Non sunt cumque est eligendi sapiente.', 0, '2021-08-29 18:54:52', '2021-08-29 18:54:52'),
(55, 17, 'Dr. Carlie Leffler MD', 'Rerum rerum molestiae et animi. Asperiores culpa temporibus ex recusandae.', 2, '2021-08-29 18:54:52', '2021-08-29 18:54:52'),
(56, 16, 'Marianne Nienow', 'Optio tempore expedita qui quasi dolores eaque aut. Tenetur ullam consequatur voluptatibus sed tempore nihil excepturi. Cupiditate maxime accusantium cum eum sunt.', 3, '2021-08-29 18:54:52', '2021-08-29 18:54:52'),
(57, 31, 'Myrna Dicki', 'Expedita est iste assumenda adipisci dolor soluta. Neque qui unde voluptate dolores asperiores. Voluptatem minus nam aut cum optio dolores et. Corrupti rem numquam ab enim eum. Sequi et occaecati vel ratione natus.', 4, '2021-08-29 18:54:52', '2021-08-29 18:54:52'),
(58, 35, 'Hunter Conroy I', 'Perferendis qui necessitatibus recusandae exercitationem in sed nam. Quidem omnis qui corporis adipisci est natus. Distinctio architecto eligendi sit. Aliquid sunt sed temporibus consequatur necessitatibus.', 5, '2021-08-29 18:54:52', '2021-08-29 18:54:52'),
(59, 32, 'Anne Prosacco', 'Ratione rerum commodi molestiae in. Sed iusto enim quaerat. Illum dicta rerum autem ut saepe delectus. Et eligendi accusamus consequuntur consectetur similique dolorem praesentium.', 0, '2021-08-29 18:54:52', '2021-08-29 18:54:52'),
(60, 5, 'Cynthia Ziemann Jr.', 'At ut cum corrupti ratione dolorum nemo quia. Nesciunt voluptatem magnam perspiciatis facere excepturi ut. Consequatur voluptate nihil debitis cupiditate cumque aspernatur quam. Quaerat cum dolorem in placeat a consequuntur reprehenderit.', 5, '2021-08-29 18:54:52', '2021-08-29 18:54:52'),
(61, 44, 'Elisha Kling III', 'Quaerat incidunt quia sint accusantium voluptatibus. Et corporis eos harum placeat. Optio praesentium eaque occaecati. Alias facere quo eos veniam repellat qui. Mollitia ratione blanditiis doloremque esse odio quia tempore.', 1, '2021-08-29 18:54:52', '2021-08-29 18:54:52'),
(62, 8, 'Miss Margarita Towne PhD', 'Omnis quas repellat veniam ut dolor velit qui. Voluptate harum dolor sequi sapiente. Qui perferendis molestiae consectetur ut facilis ut.', 1, '2021-08-29 18:54:52', '2021-08-29 18:54:52'),
(63, 8, 'Isom Zulauf', 'Ut animi quaerat vero quia. Ipsum placeat dolorem nesciunt nihil vero modi delectus. Veniam voluptatem dolor non facilis. Dignissimos nihil explicabo officiis.', 2, '2021-08-29 18:54:52', '2021-08-29 18:54:52'),
(64, 14, 'Beulah Towne', 'Expedita id similique quod omnis voluptate. Modi quo consequatur molestiae consectetur impedit. Ullam magni illo voluptate non pariatur eum. Dolore non nostrum excepturi sit. Sit ipsa incidunt aliquam est.', 2, '2021-08-29 18:54:52', '2021-08-29 18:54:52'),
(65, 39, 'Prof. Laura Mills MD', 'Esse numquam quidem ex. Iure cum architecto et occaecati optio dolorem impedit. Nesciunt sequi facere repellat corrupti accusantium in.', 5, '2021-08-29 18:54:52', '2021-08-29 18:54:52'),
(66, 15, 'Kaden Bogisich V', 'Recusandae ex perferendis accusamus dignissimos ullam aut. Dolorum aut illo sint dicta. Sit qui sequi ducimus assumenda voluptatum. Nisi quae dolor et labore.', 4, '2021-08-29 18:54:52', '2021-08-29 18:54:52'),
(67, 4, 'William Runte', 'Rerum laborum nobis rerum ut optio. Quaerat voluptates voluptates maiores enim ea. Sint eos in eligendi.', 4, '2021-08-29 18:54:52', '2021-08-29 18:54:52'),
(68, 43, 'Angus Reinger', 'Voluptatibus veniam magni ipsam provident nisi mollitia consequuntur architecto. Non vel autem optio deleniti.', 5, '2021-08-29 18:54:52', '2021-08-29 18:54:52'),
(69, 1, 'Robin Russel', 'Nisi quia possimus cumque. Veniam sit et magni voluptatem expedita animi. Qui dignissimos id hic corporis vitae.', 1, '2021-08-29 18:54:52', '2021-08-29 18:54:52'),
(70, 4, 'Graciela Herman', 'Delectus delectus doloremque est et. Et est eum est qui et in accusamus. Ad maxime fugit voluptates laborum.', 4, '2021-08-29 18:54:52', '2021-08-29 18:54:52'),
(71, 36, 'Shaylee O\'Hara V', 'Vel veritatis rerum consequatur sunt aut. Adipisci accusantium sit atque. Modi officia maxime facilis temporibus. Sed in explicabo dolorum aut maiores.', 4, '2021-08-29 18:54:52', '2021-08-29 18:54:52'),
(72, 13, 'Blanca Towne III', 'Voluptatem rerum aut eum qui velit ipsum nam. Cumque velit atque architecto non quasi placeat nobis quam. Eaque a qui iure non reprehenderit autem qui.', 5, '2021-08-29 18:54:52', '2021-08-29 18:54:52'),
(73, 18, 'Ms. Gisselle Daugherty Jr.', 'Quibusdam esse quia aut. Consectetur aut vero ipsum consectetur et aliquid consequatur. Explicabo natus enim rerum qui consequatur numquam ut.', 2, '2021-08-29 18:54:52', '2021-08-29 18:54:52'),
(74, 4, 'Dr. General Schimmel DVM', 'Ratione nam ut provident impedit sunt similique quo. Rerum omnis qui perferendis dolorem aut incidunt. Maxime id deleniti occaecati blanditiis dolorem autem sint quasi. Autem dolorem adipisci sit et non omnis neque.', 4, '2021-08-29 18:54:52', '2021-08-29 18:54:52'),
(75, 50, 'Mariane Mueller', 'Blanditiis voluptate beatae dignissimos doloremque similique et dolorum. Consequatur sunt alias deleniti dignissimos nobis nam molestias ut. Et sed qui officia aut repellat.', 4, '2021-08-29 18:54:52', '2021-08-29 18:54:52'),
(76, 7, 'Miss Fay Rosenbaum DVM', 'Qui deserunt maxime voluptas dignissimos. Sequi fuga amet itaque alias. Debitis quos vel quas dolorum dolores. Vitae quod ipsa animi.', 0, '2021-08-29 18:54:52', '2021-08-29 18:54:52'),
(77, 2, 'Tito Kilback', 'Omnis non nemo occaecati minus et. Voluptatem voluptatem numquam earum ut. Repellat voluptas ea vel deleniti. Fugiat suscipit sit quis ipsum qui ipsum.', 5, '2021-08-29 18:54:52', '2021-08-29 18:54:52'),
(78, 18, 'Augustine Boyle I', 'Eos et alias modi voluptas aut eius. Atque aperiam enim voluptatem sit voluptas beatae quia. Recusandae vel nulla architecto dolores. Quia quia porro corporis velit. Molestiae quisquam illo fugit quo animi itaque.', 5, '2021-08-29 18:54:52', '2021-08-29 18:54:52'),
(79, 43, 'Miss Alison Veum', 'Deleniti laboriosam illum aut omnis. Consequatur officiis ut quasi quasi omnis id corrupti. Qui officia voluptas dolores optio aut temporibus. Similique nam eligendi in commodi totam quod earum.', 1, '2021-08-29 18:54:52', '2021-08-29 18:54:52'),
(80, 17, 'Margot Wilderman', 'Laboriosam deserunt temporibus qui sequi et inventore aut. Ipsum nihil aliquid ab. Rerum incidunt molestiae totam doloribus perferendis sed at.', 0, '2021-08-29 18:54:52', '2021-08-29 18:54:52'),
(81, 33, 'Miss Eve Jakubowski I', 'Est veniam ducimus corporis facere. Libero et maiores accusamus laboriosam ut. Recusandae culpa soluta accusamus repudiandae. Sed quia similique porro molestiae at magnam.', 5, '2021-08-29 18:54:52', '2021-08-29 18:54:52'),
(82, 44, 'Dedrick Mosciski', 'Quae sit quae qui totam. Voluptas laboriosam praesentium expedita eligendi id. Similique quia cum ad voluptas iste iusto et.', 4, '2021-08-29 18:54:52', '2021-08-29 18:54:52'),
(83, 38, 'Tillman Wyman', 'Non facilis eum soluta ab amet quis eveniet quia. Dolor quia qui culpa illo. Ut nesciunt inventore reiciendis quis inventore culpa beatae.', 0, '2021-08-29 18:54:52', '2021-08-29 18:54:52'),
(84, 29, 'Rene Lowe V', 'Est autem distinctio tempora maxime voluptatum itaque. Itaque vel distinctio aspernatur error. Id fugiat qui nulla voluptatum praesentium alias. Aspernatur reiciendis possimus ducimus ut culpa unde perferendis eos.', 5, '2021-08-29 18:54:52', '2021-08-29 18:54:52'),
(85, 35, 'Mrs. Freda Mertz PhD', 'Veritatis quia provident corporis ducimus suscipit non culpa. Omnis quis autem alias et earum harum. Temporibus impedit molestias quae sit enim aperiam aspernatur.', 1, '2021-08-29 18:54:52', '2021-08-29 18:54:52'),
(86, 4, 'Mr. Tremaine Crona', 'Et a est voluptatibus assumenda ut numquam. Placeat assumenda et repellat qui aut quibusdam. Libero id perspiciatis dolorem. Inventore quaerat nostrum voluptatem optio voluptatum fugiat et.', 2, '2021-08-29 18:54:52', '2021-08-29 18:54:52'),
(87, 47, 'Prof. Hilda Kuhic', 'Error ex impedit ab aliquam consectetur qui. Et at rem deserunt quaerat consequatur. Qui ipsum placeat est accusantium dolorem. Qui dolorum aut est autem hic. Magni neque voluptatem nostrum voluptatem officia eum in.', 0, '2021-08-29 18:54:52', '2021-08-29 18:54:52'),
(88, 23, 'Vida Murray', 'Qui doloremque sed molestiae corrupti totam. Est quae sint alias quia consectetur. Quisquam rem consequuntur commodi possimus voluptatem provident. Quia aliquid blanditiis eius enim.', 5, '2021-08-29 18:54:52', '2021-08-29 18:54:52'),
(89, 29, 'Theresia Dare', 'Cumque odio consequuntur suscipit. Eligendi rerum est laborum aperiam facere officia. Facilis magnam totam numquam.', 2, '2021-08-29 18:54:52', '2021-08-29 18:54:52'),
(90, 27, 'Clark Nicolas', 'Architecto aut tenetur fuga tenetur doloribus voluptatem. Consectetur ipsam incidunt ea voluptas saepe nemo odio. Ut maxime dolores deserunt ea corporis in. Voluptate et rerum necessitatibus est consequatur consequatur dicta.', 4, '2021-08-29 18:54:52', '2021-08-29 18:54:52'),
(91, 43, 'Carrie Buckridge', 'Labore rem alias explicabo veritatis qui. Facere assumenda iure debitis rerum. Tempora et aliquam maxime dolores libero qui.', 1, '2021-08-29 18:54:52', '2021-08-29 18:54:52'),
(92, 18, 'Prof. Alivia Aufderhar', 'Perferendis laborum sit quia vitae occaecati. Nulla perferendis iste quas. Ut cupiditate animi voluptatum numquam vel. Rerum nihil est nobis ducimus repellendus magni.', 0, '2021-08-29 18:54:52', '2021-08-29 18:54:52'),
(93, 11, 'Emilie Halvorson Jr.', 'Nobis explicabo quia quia blanditiis qui. Molestiae assumenda maiores laboriosam non fuga sapiente provident. Omnis maxime occaecati et tempore. Nobis sequi aut fugiat provident quod libero hic.', 4, '2021-08-29 18:54:52', '2021-08-29 18:54:52'),
(94, 12, 'Mrs. Retha Lockman', 'Atque et fugit exercitationem necessitatibus et enim voluptatibus minus. Ea ducimus porro pariatur nulla. Ad quia nam quis sint quia. Quasi rem cumque sit ab cupiditate. Perferendis minus ea vitae omnis et nihil.', 5, '2021-08-29 18:54:52', '2021-08-29 18:54:52'),
(95, 9, 'Jayne Quigley MD', 'Et sit harum enim enim voluptatem totam. Est eum molestiae quod qui quia qui officia. Et repudiandae eos error aut a harum aut. Dolore consequuntur aut voluptates autem et. Corporis voluptatibus est vitae deleniti.', 2, '2021-08-29 18:54:52', '2021-08-29 18:54:52'),
(96, 24, 'Prof. Demarco Kreiger', 'Voluptatem quaerat laborum officiis molestiae quod nulla. Dolores aut quas eum laboriosam velit omnis odio. Corporis quia deleniti eveniet sint numquam rerum. Sunt consequatur ea dolor.', 3, '2021-08-29 18:54:52', '2021-08-29 18:54:52'),
(97, 9, 'Miss Rose Boyle V', 'Quis et omnis facilis quaerat illo. Autem beatae temporibus velit ab. Earum laboriosam sunt sit tenetur est.', 3, '2021-08-29 18:54:52', '2021-08-29 18:54:52'),
(98, 15, 'Dr. Odie Batz DVM', 'Est id rerum sed dolorem et incidunt sint. Qui aut quam aperiam pariatur et et. Est ipsa id nulla consequatur repudiandae voluptatem cupiditate. Sit rerum voluptas qui consequuntur sit odit recusandae.', 0, '2021-08-29 18:54:52', '2021-08-29 18:54:52'),
(99, 30, 'Ms. Josiane Hane', 'Minus ipsa est aut soluta sunt vitae. Veniam sit autem voluptatem est et pariatur laudantium. At enim nostrum dolores distinctio ut fuga. Voluptates doloremque ea voluptas vero.', 4, '2021-08-29 18:54:52', '2021-08-29 18:54:52'),
(100, 15, 'Era Nicolas', 'Numquam impedit dolor aperiam tempore praesentium. Nulla impedit esse et animi. Officiis nihil quia sit recusandae rerum.', 5, '2021-08-29 18:54:52', '2021-08-29 18:54:52'),
(101, 44, 'Giles Feeney Sr.', 'Fugit est aliquid aliquam voluptatum maxime libero dolorum. Eum maiores repudiandae sit magnam laudantium. Hic ex laborum deleniti a iure perferendis illum corrupti.', 4, '2021-08-29 18:54:52', '2021-08-29 18:54:52'),
(102, 30, 'Hunter Gottlieb', 'Est unde ipsa odio et dolore. Aut itaque maxime illo reiciendis delectus. Velit tempora officiis accusamus dolor repudiandae tempore. Placeat et ipsum commodi assumenda.', 2, '2021-08-29 18:54:52', '2021-08-29 18:54:52'),
(103, 30, 'Mr. Jeffry Walter MD', 'Nihil vel natus quo. Ullam nesciunt sed molestiae odio enim amet. Voluptatem porro ex ut voluptatem magnam. Exercitationem voluptates corporis delectus quia.', 3, '2021-08-29 18:54:52', '2021-08-29 18:54:52'),
(104, 40, 'Rosalia Nienow', 'Voluptatem et est iste et eum ab illo. Neque fugit iure officiis impedit non voluptatem eius. Similique nesciunt vitae eos laboriosam non.', 2, '2021-08-29 18:54:52', '2021-08-29 18:54:52'),
(105, 34, 'Eveline Denesik DDS', 'Et modi omnis ipsam accusamus earum modi ut. Dolor voluptatem ex molestiae quis. Esse provident commodi aut assumenda voluptatum accusantium velit.', 2, '2021-08-29 18:54:52', '2021-08-29 18:54:52'),
(106, 43, 'Rebecca Walsh', 'Sit occaecati molestias quia tempora ut sunt quod. Iste aut non non ut est vitae laudantium ut. Quidem dicta porro temporibus sit. Quidem harum quo maiores sit. Dolores possimus molestiae quibusdam enim nihil.', 3, '2021-08-29 18:54:52', '2021-08-29 18:54:52'),
(107, 6, 'Greyson Runolfsdottir', 'Recusandae aut et qui iure sed. Explicabo voluptatem est libero ut velit molestiae.', 0, '2021-08-29 18:54:52', '2021-08-29 18:54:52'),
(108, 25, 'Gene Prosacco', 'Natus sit accusantium rerum sit cumque. Dicta cumque labore consequuntur aliquid sequi sit enim maiores. Pariatur et dignissimos eius ipsa nulla voluptatem repellat. Sit qui fuga est ut.', 4, '2021-08-29 18:54:52', '2021-08-29 18:54:52'),
(109, 48, 'Aletha Kihn', 'Vel accusantium est nisi esse animi ratione. Ea quaerat harum incidunt quae dolore. Aut non magni velit est provident.', 4, '2021-08-29 18:54:52', '2021-08-29 18:54:52'),
(110, 12, 'Dorothea Kemmer Jr.', 'Ullam dignissimos est autem delectus aspernatur fugit qui. Reiciendis reiciendis repellat voluptas consequatur voluptas. Ea odit qui consequatur similique quis aperiam.', 1, '2021-08-29 18:54:52', '2021-08-29 18:54:52'),
(111, 29, 'River Stracke IV', 'Rem nesciunt doloribus laboriosam non exercitationem. Eos recusandae incidunt inventore repellat tempora hic consequatur. Reiciendis et excepturi in alias explicabo animi. Deserunt veritatis temporibus delectus dolore.', 0, '2021-08-29 18:54:52', '2021-08-29 18:54:52'),
(112, 14, 'Irving Oberbrunner', 'Rerum veritatis voluptates facilis quibusdam. Et ipsa placeat et non omnis ea non. Itaque sed ratione aut sit harum nisi sit mollitia.', 2, '2021-08-29 18:54:52', '2021-08-29 18:54:52'),
(113, 29, 'Dr. Leilani Schumm', 'Minus esse sapiente aut illum possimus possimus ducimus omnis. Explicabo nihil dolor voluptas consequatur ea. Voluptatem similique fugit eos. Nemo eveniet vel illum aut temporibus nemo ipsum. Placeat occaecati laboriosam nulla perspiciatis est provident.', 0, '2021-08-29 18:54:52', '2021-08-29 18:54:52'),
(114, 24, 'Cielo Cormier', 'Commodi est minus dolore. Doloremque quibusdam praesentium molestiae blanditiis et. Itaque assumenda quas pariatur doloribus et. Fugit velit minima sit.', 5, '2021-08-29 18:54:52', '2021-08-29 18:54:52'),
(115, 46, 'Immanuel Schuster', 'In sunt non praesentium dolores. Deleniti voluptatibus non quibusdam voluptas. Ut amet quis labore possimus. Eaque rerum deserunt at natus soluta.', 0, '2021-08-29 18:54:52', '2021-08-29 18:54:52'),
(116, 15, 'Terry Ziemann', 'Asperiores in sint nam doloremque repellendus. Necessitatibus id sed magni optio quod ut et. Veniam odio laudantium eligendi repudiandae vitae delectus possimus.', 5, '2021-08-29 18:54:52', '2021-08-29 18:54:52'),
(117, 22, 'Ibrahim Macejkovic', 'Repudiandae architecto nemo aut enim. Quisquam eos blanditiis ut consequuntur molestiae. Consectetur fugit autem tempore blanditiis magni. Nesciunt aut iste laborum reprehenderit id sit minus quia.', 4, '2021-08-29 18:54:52', '2021-08-29 18:54:52'),
(118, 47, 'Serenity Leuschke', 'A quam voluptatum aliquid iure. Eum quo nihil facilis nihil suscipit consequatur molestiae iusto. Voluptatem qui in assumenda est occaecati dolor veniam. Error dolore explicabo magnam ad.', 0, '2021-08-29 18:54:52', '2021-08-29 18:54:52'),
(119, 18, 'Savion Nitzsche Sr.', 'Qui temporibus nulla iure eaque dolor inventore. Laboriosam officiis vitae ex assumenda vel ut. Ut rerum nostrum fugit est laudantium similique id. Atque voluptates accusantium accusantium exercitationem nostrum minima.', 4, '2021-08-29 18:54:52', '2021-08-29 18:54:52'),
(120, 14, 'Greta Greenholt', 'Ullam ullam asperiores aut illo inventore sequi consequuntur rerum. Aut deleniti earum aperiam culpa qui voluptatum consequatur.', 2, '2021-08-29 18:54:52', '2021-08-29 18:54:52'),
(121, 34, 'Lori Lynch PhD', 'In sequi impedit quibusdam magni enim. Ea et ut fugiat assumenda aut tenetur. Enim necessitatibus numquam at impedit facere.', 0, '2021-08-29 18:54:52', '2021-08-29 18:54:52'),
(122, 25, 'Mr. Karley Corkery I', 'Et dolorem dolores beatae nostrum et molestiae. Velit est et ut facere quo. Dignissimos architecto autem aspernatur quis nisi quia cum.', 0, '2021-08-29 18:54:52', '2021-08-29 18:54:52'),
(123, 13, 'Adele Friesen', 'Nostrum sapiente deleniti consequatur sed maxime. Aut porro atque eius ut. Nobis nihil quibusdam sit autem. Omnis placeat maiores voluptatum in. Minus sit nihil officiis quia.', 2, '2021-08-29 18:54:52', '2021-08-29 18:54:52'),
(124, 23, 'Alexzander Crooks', 'In aut quia sed inventore ex ratione. Laudantium qui cum praesentium veniam. Ea incidunt nihil minus voluptatem distinctio. Iure ab animi ea repellendus placeat dicta et. Est vitae rem quasi odio aliquid quos.', 1, '2021-08-29 18:54:52', '2021-08-29 18:54:52'),
(125, 4, 'Florencio Rogahn', 'Commodi blanditiis dolores qui ipsum. Ut non molestias autem sint ut. Et adipisci consequatur nostrum molestiae aut consequatur. Quaerat aut vero aspernatur commodi rerum.', 5, '2021-08-29 18:54:52', '2021-08-29 18:54:52'),
(126, 7, 'Dr. Antonina Runolfsson PhD', 'Tenetur voluptatem fugiat et est vel amet. Maiores quis modi omnis et voluptate. Dolores odio id veritatis minus quas velit esse. Quis commodi et qui quis fuga.', 0, '2021-08-29 18:54:52', '2021-08-29 18:54:52'),
(127, 36, 'Jon Herman', 'Inventore sunt ut enim quae doloremque temporibus. Minima voluptatem sequi saepe. Possimus cum eos molestias incidunt et.', 1, '2021-08-29 18:54:52', '2021-08-29 18:54:52'),
(128, 20, 'Prof. Beverly Haag DDS', 'Totam repellendus est veniam cumque sunt aut. Cum molestiae dolore quo rerum. Aliquam accusantium quia distinctio quam molestiae voluptatem maiores.', 4, '2021-08-29 18:54:52', '2021-08-29 18:54:52'),
(129, 34, 'Earnest Herzog', 'Alias labore totam libero. Laborum voluptate fugit et qui laborum. Hic consectetur sed iure necessitatibus odio. Suscipit aliquid odit nemo et quidem.', 3, '2021-08-29 18:54:52', '2021-08-29 18:54:52'),
(130, 17, 'Norberto Runolfsson', 'Eum incidunt enim maxime assumenda qui. Sunt nihil dignissimos facere quia ratione. Nulla voluptas aut sequi. Sit quae tempora illum unde animi.', 4, '2021-08-29 18:54:52', '2021-08-29 18:54:52'),
(131, 44, 'Mara Roob', 'Sint sequi aut et eligendi recusandae possimus amet laboriosam. Eos laudantium soluta rerum sit eius distinctio blanditiis. Animi tenetur nesciunt non exercitationem aut saepe dolorem.', 2, '2021-08-29 18:54:52', '2021-08-29 18:54:52'),
(132, 42, 'Lia Brekke', 'Esse repudiandae porro qui modi debitis qui voluptatem. Expedita voluptatem ut nihil et soluta minima. Amet repellat eos ut quis laudantium rem.', 1, '2021-08-29 18:54:52', '2021-08-29 18:54:52'),
(133, 16, 'Dr. Marcia Hessel', 'Est aut necessitatibus cumque animi odit et. Quo qui magnam id ea voluptas eaque tempora. Enim quia quia sit doloribus est aliquam. Blanditiis qui voluptas et blanditiis architecto et et.', 3, '2021-08-29 18:54:52', '2021-08-29 18:54:52'),
(134, 48, 'Karlee Medhurst', 'Alias eos repellendus consequuntur. Ut sint voluptates sunt. Cupiditate corporis consequatur odio quo qui.', 4, '2021-08-29 18:54:52', '2021-08-29 18:54:52'),
(135, 25, 'Marlen Keebler Sr.', 'Provident commodi in odit occaecati sequi deleniti. Aliquam quidem veniam a hic. Debitis magnam eos amet necessitatibus aut eos voluptas.', 1, '2021-08-29 18:54:52', '2021-08-29 18:54:52'),
(136, 24, 'Vella Swaniawski Sr.', 'Quia ducimus in et quod hic perspiciatis delectus. Aut quasi et delectus rerum doloremque. In voluptas illum ad tenetur voluptatem at.', 2, '2021-08-29 18:54:52', '2021-08-29 18:54:52'),
(137, 25, 'Prof. Cooper Heathcote', 'Laborum laudantium rerum quia qui. Et dolores labore rerum consequatur. Rem placeat quidem omnis error molestias sit. Iure enim ad nobis soluta nam illo ipsum.', 2, '2021-08-29 18:54:52', '2021-08-29 18:54:52'),
(138, 2, 'Callie Reichel', 'Ab cum numquam molestias voluptas laborum. In dolorum dolores nihil quis fugiat repellat. Debitis necessitatibus doloribus veniam cum.', 0, '2021-08-29 18:54:52', '2021-08-29 18:54:52'),
(139, 45, 'Corbin Moen III', 'Enim id quod enim recusandae voluptatem aliquid. Et ut ad cumque eos earum aut. Perspiciatis odit culpa veniam eos qui. Eligendi vitae repudiandae quis aut officiis velit.', 4, '2021-08-29 18:54:52', '2021-08-29 18:54:52'),
(140, 18, 'Helene Romaguera', 'Voluptates quae incidunt autem voluptatum praesentium voluptatem qui eum. Nesciunt eveniet placeat est inventore reprehenderit in animi. Velit ab quis eligendi ut quasi officiis. Ut eum id quo nostrum officiis qui quia. Cumque libero quam soluta sit architecto.', 0, '2021-08-29 18:54:52', '2021-08-29 18:54:52'),
(141, 38, 'Jarrett Olson', 'Dolorem dolores distinctio iusto dignissimos excepturi non. At libero inventore repellendus modi ea et sed corrupti. Minima quia nulla ut voluptates cumque et sunt. Non reiciendis reprehenderit molestiae quo et.', 4, '2021-08-29 18:54:52', '2021-08-29 18:54:52'),
(142, 35, 'Eduardo Mosciski', 'Soluta vitae voluptates aliquam quaerat omnis. Autem et in saepe quis vitae. Est vel nulla voluptate non. Eos nihil facere non qui velit rerum.', 1, '2021-08-29 18:54:52', '2021-08-29 18:54:52'),
(143, 23, 'Dr. Dennis Fadel', 'Dolorem ullam unde ad aliquid. Dolorem nostrum occaecati sapiente suscipit. Accusantium deleniti rerum et soluta. Est repellat et quas vel sint.', 3, '2021-08-29 18:54:52', '2021-08-29 18:54:52'),
(144, 43, 'Cyril Pacocha', 'Voluptate cupiditate nihil sit rerum. Qui quia sapiente quis quidem quis necessitatibus sed. Tempora aut veniam dignissimos maiores dolores quaerat natus. Est deleniti amet blanditiis quos ut officiis odio. Voluptatem sapiente enim velit porro non.', 4, '2021-08-29 18:54:52', '2021-08-29 18:54:52'),
(145, 39, 'Dejon Schowalter IV', 'Voluptatibus qui quis recusandae sit vel quo dolore. Cum repellendus ducimus dolor temporibus doloribus. Ducimus maiores est officia ex blanditiis quia. Voluptatem non sed sint dolores voluptas.', 5, '2021-08-29 18:54:52', '2021-08-29 18:54:52'),
(146, 40, 'Kurt Bayer', 'Corporis voluptates nihil qui ut voluptas sunt. Eos dolores non et tempora sapiente dolores eaque. Eos fugiat iure molestiae. Inventore necessitatibus ut id voluptatem quibusdam ipsam harum.', 3, '2021-08-29 18:54:52', '2021-08-29 18:54:52'),
(147, 31, 'Wyatt Abshire DDS', 'Reprehenderit optio placeat animi aperiam soluta. Debitis praesentium est sint sit. Unde qui dolorum perferendis soluta enim in omnis. Aliquid qui id neque perspiciatis est nihil.', 3, '2021-08-29 18:54:52', '2021-08-29 18:54:52'),
(148, 32, 'Dr. Guillermo Zemlak DDS', 'Accusamus quisquam reiciendis commodi consequatur. Ea ea error tempore non ut aperiam. Ut aut debitis in veniam neque.', 3, '2021-08-29 18:54:52', '2021-08-29 18:54:52'),
(149, 32, 'Ahmed Becker', 'Vel in quibusdam omnis est reprehenderit. Quis debitis dolor voluptas ut molestiae veritatis perspiciatis. Non deleniti mollitia tempora. Pariatur sunt magnam rerum placeat.', 1, '2021-08-29 18:54:52', '2021-08-29 18:54:52'),
(150, 26, 'Mr. Jaylin Frami I', 'Quia rerum sit quia et. Beatae sed libero excepturi blanditiis consequuntur nostrum et.', 0, '2021-08-29 18:54:52', '2021-08-29 18:54:52'),
(151, 21, 'Murl O\'Reilly', 'Alias quia sit quae perferendis magni eum culpa. Molestiae expedita harum perferendis ea voluptatem rerum expedita.', 5, '2021-08-29 18:54:52', '2021-08-29 18:54:52'),
(152, 22, 'Raven Hane IV', 'Voluptatem temporibus sunt incidunt deleniti voluptas id. Aliquam architecto ipsa quos deserunt. Ea vel blanditiis ipsum expedita nostrum laborum.', 4, '2021-08-29 18:54:52', '2021-08-29 18:54:52'),
(153, 44, 'Karine Mohr', 'Accusamus doloribus nesciunt quia possimus repellendus. Nulla optio sint voluptatem eum reiciendis sit. Doloremque sit at accusamus consequatur.', 3, '2021-08-29 18:54:52', '2021-08-29 18:54:52'),
(154, 19, 'Cassie Klein', 'Officia beatae soluta aut. Minus sint qui facere asperiores. Quo praesentium officia dolorem rem.', 5, '2021-08-29 18:54:52', '2021-08-29 18:54:52'),
(155, 46, 'Trace Paucek', 'Sequi perferendis sed culpa pariatur laborum expedita. Tempore ab quo quisquam qui velit aperiam quibusdam aut. Qui itaque sequi illo excepturi qui.', 2, '2021-08-29 18:54:52', '2021-08-29 18:54:52'),
(156, 37, 'Anais Feil DVM', 'Consequatur expedita nemo quos eum. Enim ratione enim voluptatem facilis minus. Eos quos at recusandae. Ut qui cumque quisquam labore officiis quam magni aliquid.', 2, '2021-08-29 18:54:52', '2021-08-29 18:54:52'),
(157, 33, 'Mr. Greyson Schiller', 'Maiores earum qui quia voluptates et. Iure est voluptatem sint non inventore ullam. Voluptas optio sed et fugit fugiat ut. Voluptas dolor et placeat pariatur.', 0, '2021-08-29 18:54:52', '2021-08-29 18:54:52'),
(158, 43, 'Briana Stokes', 'Dolores ut debitis in voluptatibus quia. Et ut debitis tenetur dolor. Reiciendis iure nemo consequatur.', 5, '2021-08-29 18:54:52', '2021-08-29 18:54:52'),
(159, 12, 'April Swaniawski', 'Voluptatem et sed cum. Sint et hic itaque. Nihil ipsum similique ex non. Voluptas cupiditate nobis aut maiores nostrum vero tempore. Distinctio vero voluptatibus quo sit.', 1, '2021-08-29 18:54:52', '2021-08-29 18:54:52'),
(160, 41, 'Melvina Luettgen', 'Aut maiores exercitationem ipsum dolore impedit ea ratione. Aperiam dolor quaerat hic sit consequatur quia. Commodi expedita necessitatibus distinctio repudiandae enim non. Qui rem a cupiditate eum aspernatur voluptates.', 5, '2021-08-29 18:54:52', '2021-08-29 18:54:52'),
(161, 14, 'Jana Stoltenberg', 'Voluptatem assumenda maxime ea et non. Facere quisquam et sed. Adipisci tempora consequatur omnis cupiditate dolore.', 5, '2021-08-29 18:54:52', '2021-08-29 18:54:52'),
(162, 1, 'Nella Skiles', 'Minima nam corporis enim eos rerum. Qui voluptatum fugiat officia cupiditate repellat architecto dolor. Sit et dolores quae voluptas velit.', 1, '2021-08-29 18:54:52', '2021-08-29 18:54:52'),
(163, 16, 'Marcelina Little', 'Maxime velit pariatur sint rerum qui placeat. Dolorem reiciendis ut aperiam incidunt itaque harum quae.', 2, '2021-08-29 18:54:52', '2021-08-29 18:54:52'),
(164, 7, 'Sedrick Bartell', 'Reiciendis aspernatur tempora et in. Aut illo unde repudiandae totam aut ea quam dolores. Rerum soluta nemo nesciunt quis quaerat.', 2, '2021-08-29 18:54:52', '2021-08-29 18:54:52'),
(165, 22, 'Nedra Wolf I', 'Iste et explicabo delectus id perferendis tenetur sapiente eum. Alias et cumque et iure harum itaque. Neque ratione molestiae vel ipsam eos voluptatem inventore occaecati.', 0, '2021-08-29 18:54:52', '2021-08-29 18:54:52'),
(166, 25, 'Julian Cruickshank', 'Nam commodi a nisi fugiat pariatur et. Nulla voluptas officia optio laudantium beatae delectus. Odio repudiandae dolorem sit rem at debitis est. Rerum omnis illo rerum illo dolores.', 3, '2021-08-29 18:54:52', '2021-08-29 18:54:52'),
(167, 13, 'Susan Bergstrom', 'Sint quia sapiente repellendus corporis dolor libero qui. Rerum cumque veritatis ea maiores aut officiis. Illum facilis est autem sunt ab excepturi. Accusamus et hic est.', 3, '2021-08-29 18:54:52', '2021-08-29 18:54:52'),
(168, 9, 'Bruce Pollich DVM', 'Sunt et dicta debitis sit cupiditate tenetur perferendis. Velit libero doloribus distinctio cum. Laudantium quod eveniet aut cum impedit. Sed natus vel corporis magnam voluptas voluptas hic. Sit quia eius dolores est.', 3, '2021-08-29 18:54:52', '2021-08-29 18:54:52'),
(169, 41, 'Prof. Astrid Turner', 'Ex consequuntur suscipit optio illum odit quia ipsam odio. Dolore fuga quibusdam animi sint dolores eligendi. Nemo velit et corporis eaque optio.', 2, '2021-08-29 18:54:52', '2021-08-29 18:54:52'),
(170, 16, 'Rosalee McGlynn', 'Maxime sit eum voluptatem. Vero et voluptas ab iure. Impedit sunt perferendis voluptatem earum dicta dolorum similique aspernatur.', 5, '2021-08-29 18:54:52', '2021-08-29 18:54:52'),
(171, 48, 'Jaron Ernser', 'Aut blanditiis praesentium expedita et corrupti. Doloribus fugit aut harum iste nam aspernatur. Maxime velit non repellendus non recusandae.', 5, '2021-08-29 18:54:52', '2021-08-29 18:54:52'),
(172, 14, 'Rosie Gulgowski II', 'Tempore laboriosam adipisci deleniti aliquam illo fugiat. Nobis voluptatibus in rerum veniam et quo temporibus. Ab fugiat omnis temporibus sequi qui voluptatem.', 2, '2021-08-29 18:54:52', '2021-08-29 18:54:52'),
(173, 45, 'Katheryn Reinger', 'Quae iusto officiis quia ea dolores. Nobis qui est ut vitae. Vitae rerum veniam temporibus ipsum quod deleniti exercitationem.', 5, '2021-08-29 18:54:52', '2021-08-29 18:54:52'),
(174, 17, 'Maude Jones', 'Asperiores eum fuga reprehenderit et distinctio ullam officiis. Commodi recusandae facere error animi quos veritatis. Saepe sapiente rerum tenetur quas.', 3, '2021-08-29 18:54:52', '2021-08-29 18:54:52'),
(175, 16, 'Dr. Alfonzo Johnston V', 'Nemo corporis asperiores quis asperiores quaerat quas. Consequatur tenetur ad voluptatem repellat saepe quo deserunt aut. Quisquam alias adipisci unde iste.', 2, '2021-08-29 18:54:52', '2021-08-29 18:54:52'),
(176, 6, 'Katharina Hane IV', 'Nostrum dicta temporibus quia illo sed voluptas est. Incidunt qui corrupti et et facere ea eius. Corporis laboriosam et sunt ut magnam laudantium perspiciatis. Qui est quibusdam et aperiam dolor iusto.', 4, '2021-08-29 18:54:52', '2021-08-29 18:54:52'),
(177, 5, 'Aiyana Raynor', 'Quos tempora blanditiis nam nam. Dolores laudantium molestiae quidem reprehenderit repellendus. Velit aperiam dolores eos dolores optio. Aut assumenda eveniet autem accusantium.', 1, '2021-08-29 18:54:52', '2021-08-29 18:54:52'),
(178, 1, 'Hailey Moen PhD', 'Soluta aut voluptatem sunt ab adipisci. Explicabo repudiandae quia dolores fugiat veritatis odit. Natus ipsam rerum in.', 1, '2021-08-29 18:54:52', '2021-08-29 18:54:52'),
(179, 39, 'Sydni Harris', 'Iste corporis ipsam dolores ipsum fugit unde. Ipsa sequi est culpa inventore. Velit alias aut aut quia.', 0, '2021-08-29 18:54:52', '2021-08-29 18:54:52'),
(180, 9, 'Lisette Hayes', 'Suscipit perferendis eveniet eum officia rerum necessitatibus quisquam porro. Ullam ea assumenda iusto sequi explicabo deserunt assumenda. Consequatur debitis beatae error velit consequuntur est quia. Quis aspernatur quisquam qui saepe est voluptates.', 0, '2021-08-29 18:54:52', '2021-08-29 18:54:52'),
(181, 21, 'Everette Stanton PhD', 'Possimus molestiae magni amet ullam nihil commodi. Itaque deserunt voluptas qui culpa cumque et. Ut officiis id quod ipsum in. Sapiente recusandae libero nostrum nam.', 5, '2021-08-29 18:54:52', '2021-08-29 18:54:52'),
(182, 19, 'Verona Ward', 'Sapiente quis atque explicabo est corrupti. Minima autem sed rerum et. Quas exercitationem reprehenderit consequuntur repellat.', 5, '2021-08-29 18:54:52', '2021-08-29 18:54:52'),
(183, 40, 'Miss Bailee Will IV', 'Quia iste iure qui autem. Sed velit voluptatum eveniet aperiam tenetur debitis ullam. Quia iste voluptates voluptate vitae amet totam placeat.', 3, '2021-08-29 18:54:52', '2021-08-29 18:54:52'),
(184, 41, 'Prof. Niko Balistreri III', 'Inventore animi consequatur harum alias. Sunt nam quisquam velit reiciendis voluptatum mollitia. Suscipit minima recusandae totam sunt et blanditiis facilis.', 0, '2021-08-29 18:54:52', '2021-08-29 18:54:52'),
(185, 28, 'Corine Schaden DVM', 'Officiis accusamus voluptatem libero saepe labore perspiciatis aperiam. Eveniet totam perspiciatis velit saepe. Libero magnam enim ut sunt eligendi quod. Id fuga ut consequuntur est rerum.', 1, '2021-08-29 18:54:52', '2021-08-29 18:54:52'),
(186, 26, 'Jeffrey Hand', 'Quo praesentium molestiae in. Dolor nisi illum maxime omnis. Magni laborum sed provident sit et.', 0, '2021-08-29 18:54:52', '2021-08-29 18:54:52'),
(187, 29, 'Oran Labadie III', 'Voluptatem aut ut nobis. Vel pariatur qui et voluptatem. Qui nam voluptas quam accusantium quas.', 1, '2021-08-29 18:54:52', '2021-08-29 18:54:52'),
(188, 32, 'Dr. Millie Huel DVM', 'Aspernatur praesentium qui non provident. Asperiores eaque vel minus veritatis et porro. Quibusdam numquam veritatis magnam repellat totam illo tenetur. Ipsam debitis at asperiores omnis fugiat.', 3, '2021-08-29 18:54:52', '2021-08-29 18:54:52'),
(189, 49, 'Susana Schuster', 'Exercitationem dolorem enim eligendi alias. Eius aut harum rem sapiente culpa natus iure quasi. Modi iure laboriosam nisi vitae nisi laborum. Eos dolorem voluptatem voluptas beatae autem molestiae est. Corporis neque vel aliquam dolore amet veniam illum.', 5, '2021-08-29 18:54:52', '2021-08-29 18:54:52'),
(190, 39, 'Flossie Grant', 'Occaecati optio id dolore sed. Voluptatem similique architecto odio ut inventore quod repellendus dignissimos. Vel amet ut similique possimus. Non voluptatum unde ut nobis. Libero aut aut alias quis quos nisi sit.', 1, '2021-08-29 18:54:52', '2021-08-29 18:54:52'),
(191, 37, 'Pete Trantow MD', 'Dicta quas eveniet laborum maxime dolores error aliquid. Dolore ut nihil corporis rerum nisi ex. Dolor accusantium ea voluptates exercitationem.', 0, '2021-08-29 18:54:52', '2021-08-29 18:54:52'),
(192, 26, 'Dr. Chloe Boyle', 'Esse neque voluptatem saepe natus voluptatem consequatur. Neque unde quisquam temporibus.', 0, '2021-08-29 18:54:52', '2021-08-29 18:54:52'),
(193, 11, 'Werner Hills IV', 'Iure commodi reprehenderit magni quasi nisi iste impedit. Reiciendis id earum eos est. Assumenda non ea omnis officia ut tempore voluptatem velit. Occaecati labore deleniti in et qui. Voluptatem officia ut rem asperiores voluptates sunt.', 5, '2021-08-29 18:54:52', '2021-08-29 18:54:52'),
(194, 30, 'Lesley Wehner', 'Ut facilis sed et sunt sed incidunt. Possimus odio ad adipisci reprehenderit sit ut rerum. Cupiditate dolores eum voluptatibus quia nemo.', 3, '2021-08-29 18:54:52', '2021-08-29 18:54:52'),
(195, 28, 'Shanny Cassin V', 'Necessitatibus itaque eum mollitia. Mollitia et facilis eos perferendis minima non voluptatem sed. Molestiae cum omnis saepe quo iusto. Ipsum aut qui magnam qui reprehenderit laudantium qui expedita.', 1, '2021-08-29 18:54:52', '2021-08-29 18:54:52'),
(196, 50, 'Roy Yost', 'Est magni vero est unde voluptatem dolorum impedit. Iure aliquam itaque quia eos id. Nostrum quia sint iste dolores praesentium voluptatem quae accusamus.', 0, '2021-08-29 18:54:52', '2021-08-29 18:54:52'),
(197, 1, 'Michel Turcotte I', 'Accusantium est maxime ut dolorem molestiae provident. Neque voluptatem aut adipisci placeat et ipsum et. Rem officia numquam blanditiis exercitationem aliquam voluptas recusandae.', 0, '2021-08-29 18:54:52', '2021-08-29 18:54:52'),
(198, 15, 'Prof. Armando Wisozk', 'Et velit pariatur aut. Praesentium qui est rerum aut molestiae. Distinctio non laboriosam error exercitationem vel placeat.', 2, '2021-08-29 18:54:52', '2021-08-29 18:54:52'),
(199, 39, 'Elinore Strosin', 'Vitae consequatur vero non aut excepturi ut officia. Excepturi pariatur maxime natus et praesentium. Qui et et non.', 4, '2021-08-29 18:54:52', '2021-08-29 18:54:52'),
(200, 22, 'Israel Bechtelar', 'Voluptas non fuga eos quaerat minima rerum nemo exercitationem. Inventore excepturi magnam alias rerum. Iusto repudiandae ipsa saepe beatae. Iure ex vero et molestiae eveniet ipsa cumque.', 2, '2021-08-29 18:54:52', '2021-08-29 18:54:52'),
(201, 40, 'Josiah Hickle', 'Est pariatur minus laboriosam laborum aliquid quia qui. Aliquam voluptates qui similique repellendus dolor sequi. Neque vel dolores qui quam at delectus totam. Consequatur sed impedit facere sequi ipsam doloribus.', 0, '2021-08-29 18:54:52', '2021-08-29 18:54:52'),
(202, 37, 'Ken Cruickshank', 'Nihil laudantium consequatur placeat similique. Ut et doloribus harum fuga sunt. Consequuntur facere dicta eum omnis. Error laudantium dolorem et cumque fugit saepe.', 0, '2021-08-29 18:54:52', '2021-08-29 18:54:52'),
(203, 37, 'Prof. Gunnar Bauch', 'Qui expedita culpa et adipisci eius doloribus. Minus temporibus ipsa quis. Ut enim ipsum cum repudiandae est.', 0, '2021-08-29 18:54:52', '2021-08-29 18:54:52'),
(204, 13, 'Leonora Witting', 'Sapiente quos vel magni earum. Rerum maxime suscipit repellendus exercitationem harum sequi enim ullam. Modi esse dolorum molestiae id dignissimos sapiente.', 0, '2021-08-29 18:54:52', '2021-08-29 18:54:52'),
(205, 37, 'Garrison Boyer', 'Accusantium numquam necessitatibus eaque sed nobis odio. Incidunt eaque sint maiores. Nulla corrupti cumque et beatae dolore maxime sunt aut.', 3, '2021-08-29 18:54:52', '2021-08-29 18:54:52'),
(206, 45, 'Althea Cole', 'Ut et repudiandae sit quia iure officiis. Reprehenderit qui sed maxime labore. Illum voluptas minima est modi placeat voluptatem. Enim voluptatibus vero incidunt reprehenderit voluptatem voluptatibus sed.', 3, '2021-08-29 18:54:52', '2021-08-29 18:54:52'),
(207, 8, 'Porter Quitzon', 'Ex cupiditate sunt minima fuga alias maiores labore. Sapiente id suscipit explicabo sed. Libero minima facere quia illum fugiat aperiam rem nam. Aut odio possimus officiis praesentium ut aliquam modi et.', 1, '2021-08-29 18:54:52', '2021-08-29 18:54:52'),
(208, 26, 'Prof. Adolph Gerhold', 'Vel dignissimos in nihil omnis harum minus sunt. Est voluptas nihil beatae optio numquam qui amet. Architecto occaecati sit nihil et optio molestias fuga excepturi.', 1, '2021-08-29 18:54:52', '2021-08-29 18:54:52'),
(209, 11, 'Dandre Rogahn V', 'Voluptates et debitis expedita nemo iure. Quibusdam aut omnis facere quia explicabo.', 5, '2021-08-29 18:54:52', '2021-08-29 18:54:52'),
(210, 30, 'Dr. Lincoln Cole DVM', 'Ea nam inventore ipsam deleniti dolorem non ad et. Sed non necessitatibus voluptatem voluptatem asperiores et non. Quasi ratione impedit in nihil laudantium ipsum consequatur praesentium. Ut consequatur et nisi sit ad.', 5, '2021-08-29 18:54:52', '2021-08-29 18:54:52'),
(211, 45, 'Leopoldo Bahringer', 'Dolorem necessitatibus maxime placeat perspiciatis esse sapiente. Harum non inventore officia. Laboriosam nostrum natus voluptatem iusto totam similique sed. Officiis accusantium officia ut sit ut ducimus.', 3, '2021-08-29 18:54:52', '2021-08-29 18:54:52'),
(212, 40, 'Princess Gaylord', 'Vero est voluptas et cum. Dolor hic magnam dolorem illo nisi. Velit perspiciatis eos omnis ex veniam rerum et sit. Vel repudiandae unde accusantium saepe in explicabo aut.', 3, '2021-08-29 18:54:52', '2021-08-29 18:54:52'),
(213, 46, 'Mr. Adolph Gerlach', 'Ad sit quasi ratione accusantium eveniet et mollitia. Pariatur quae voluptatem vitae omnis earum. Omnis eius facilis reiciendis labore quia optio.', 4, '2021-08-29 18:54:52', '2021-08-29 18:54:52'),
(214, 5, 'Jovani Lebsack', 'Voluptatem autem nihil modi eum amet. Quis voluptatum sit magnam sed at dicta dicta. Expedita veritatis et voluptatem aut.', 3, '2021-08-29 18:54:52', '2021-08-29 18:54:52'),
(215, 20, 'Prof. Zander Jacobi', 'Odio deleniti neque cupiditate consequatur sint odit. Quasi dolore fuga animi exercitationem sunt facere. Dolor nihil beatae aut aut alias distinctio doloremque eius.', 2, '2021-08-29 18:54:52', '2021-08-29 18:54:52'),
(216, 34, 'Mr. Hugh McDermott II', 'Rerum et ut illo dolor aliquid commodi. Est natus qui voluptatum rem odit asperiores.', 3, '2021-08-29 18:54:52', '2021-08-29 18:54:52'),
(217, 41, 'Florida O\'Connell', 'Vero consequuntur praesentium non molestias maxime vitae. Atque enim molestiae fugit. Voluptatum ut aut nemo doloribus.', 0, '2021-08-29 18:54:52', '2021-08-29 18:54:52'),
(218, 34, 'Dr. Moshe Bechtelar', 'Repellat assumenda qui cupiditate aut. Delectus quo nemo nihil dicta vel ipsa consequatur. Doloribus porro ea qui cupiditate. Debitis magni magni distinctio quis accusantium.', 1, '2021-08-29 18:54:52', '2021-08-29 18:54:52'),
(219, 32, 'Dr. Tristian Fahey', 'Doloremque sed non eum qui consectetur. Velit dolorum facilis quod nihil similique. Earum odit recusandae voluptates id. Aut dolores aut facilis quis.', 2, '2021-08-29 18:54:52', '2021-08-29 18:54:52'),
(220, 35, 'Daryl Welch Sr.', 'Quia ut eum accusamus similique earum aut. Molestiae hic quasi maxime error incidunt sint. Temporibus dolorum accusamus aspernatur ullam. Ad ut impedit nobis voluptatem ratione quia culpa voluptatem.', 4, '2021-08-29 18:54:52', '2021-08-29 18:54:52'),
(221, 7, 'Harmony DuBuque', 'Corrupti illum iure autem quia. Natus ea autem quasi libero provident repellendus molestiae iusto. Maxime ex expedita repellat enim explicabo voluptatibus. Sint in voluptates libero totam ut.', 4, '2021-08-29 18:54:52', '2021-08-29 18:54:52'),
(222, 41, 'Melba Robel', 'Expedita culpa id quaerat officiis quod iste fugit id. Eum ut saepe sed fugit optio quisquam aliquam. Velit corporis consequatur eveniet qui quasi.', 4, '2021-08-29 18:54:52', '2021-08-29 18:54:52'),
(223, 10, 'Danial Pouros II', 'Quia assumenda autem provident est cupiditate eveniet qui. Et cupiditate rerum repellat numquam consequatur doloribus ullam sint.', 4, '2021-08-29 18:54:52', '2021-08-29 18:54:52'),
(224, 33, 'Kitty Ledner', 'Quas doloremque suscipit est tempora eum. Quia et dolorem sunt qui consequatur. Sit qui molestiae ut harum.', 2, '2021-08-29 18:54:52', '2021-08-29 18:54:52'),
(225, 32, 'Prof. Van Schuster', 'Doloribus recusandae illo ex qui. Dolorem eos in quas dignissimos quidem. Sint omnis dolores fuga et ullam quasi. Illo est totam aspernatur asperiores voluptatum incidunt perferendis voluptatem. Ea repellat deserunt autem aut aspernatur voluptas quae.', 0, '2021-08-29 18:54:52', '2021-08-29 18:54:52'),
(226, 7, 'Mrs. Kenna White II', 'Voluptatum necessitatibus facilis aut ut quos eveniet vel. Voluptas nulla est libero animi voluptatem sit. Necessitatibus provident quod et aperiam. Officiis minus maiores deserunt ipsa quas ad laudantium ut.', 5, '2021-08-29 18:54:52', '2021-08-29 18:54:52'),
(227, 21, 'Jadon Larson', 'Nemo voluptatem qui autem voluptas quia corporis. Quae autem itaque similique esse molestiae. Quia dicta qui ea quisquam. Ut necessitatibus consectetur quia.', 5, '2021-08-29 18:54:52', '2021-08-29 18:54:52'),
(228, 44, 'Tess Sawayn', 'Voluptatum possimus beatae repellat rem. Qui odio ea in qui. Non quam et et est odit nostrum tempore.', 4, '2021-08-29 18:54:52', '2021-08-29 18:54:52'),
(229, 45, 'Patsy Runolfsson II', 'Corporis et tempore eum sit dolorum numquam et. Asperiores deleniti voluptatibus quae voluptas tempore veritatis. Esse rerum dignissimos pariatur aut.', 4, '2021-08-29 18:54:52', '2021-08-29 18:54:52'),
(230, 10, 'King Schimmel PhD', 'Itaque dolores sequi odit modi sunt. Molestiae reprehenderit aut qui.', 0, '2021-08-29 18:54:52', '2021-08-29 18:54:52'),
(231, 22, 'Mya Legros', 'Consequatur maxime omnis omnis et. Nulla est rerum deleniti earum. Voluptas illum nihil dolores officiis corporis aut quod.', 2, '2021-08-29 18:54:52', '2021-08-29 18:54:52'),
(232, 41, 'Maurice Baumbach PhD', 'Occaecati velit exercitationem eum repellendus. Non autem non alias. Sunt harum doloribus aliquam molestias sint quo fuga. Sed quidem dicta laudantium rerum.', 1, '2021-08-29 18:54:52', '2021-08-29 18:54:52'),
(233, 21, 'Edison Marks', 'Dolores cum minus voluptates exercitationem. Ut eveniet dolorem consequatur aliquid veniam est voluptatem. Aliquid sint rerum dolorem et consequuntur.', 3, '2021-08-29 18:54:52', '2021-08-29 18:54:52'),
(234, 29, 'Mrs. Aryanna Treutel Jr.', 'Numquam dolorem minima aut repellendus voluptatem. Ut ea error voluptate aut omnis. Qui qui qui ut sit.', 2, '2021-08-29 18:54:52', '2021-08-29 18:54:52'),
(235, 28, 'Mathilde Littel', 'Similique velit et adipisci eveniet amet. Dolores inventore fugiat corporis illum et dignissimos. Dolorem vero repellendus ut consequuntur saepe magni. Mollitia dolor illo veniam laboriosam fugiat qui.', 1, '2021-08-29 18:54:52', '2021-08-29 18:54:52'),
(236, 7, 'Ms. Noelia Macejkovic PhD', 'Doloribus autem explicabo quod nihil sed fugit maiores. Dolorem quia in eum autem consequuntur delectus nostrum. Ipsum doloremque excepturi sit sint.', 4, '2021-08-29 18:54:52', '2021-08-29 18:54:52'),
(237, 17, 'Mr. Emilio Spencer', 'Adipisci eos itaque illo est odio omnis. Doloremque qui soluta deleniti quo rerum. Consequatur libero suscipit adipisci molestiae ut ipsum ab.', 2, '2021-08-29 18:54:52', '2021-08-29 18:54:52'),
(238, 7, 'Christop Ebert', 'At officia autem qui non omnis harum quam. Amet sint officia aut provident. Esse quos aut quo explicabo adipisci qui.', 0, '2021-08-29 18:54:52', '2021-08-29 18:54:52'),
(239, 41, 'Lucile Schmidt MD', 'Iure ipsam corporis neque itaque officiis nemo. Illum est voluptas repudiandae. Aut mollitia est quis ea id numquam soluta. Aspernatur ipsam esse excepturi sed ex ipsum dolorum rem.', 3, '2021-08-29 18:54:52', '2021-08-29 18:54:52'),
(240, 50, 'Deonte Mann', 'Facere sapiente quia alias omnis. Consequuntur omnis consequatur earum dolorum voluptatem voluptatem. Natus et aperiam ut hic nam.', 3, '2021-08-29 18:54:52', '2021-08-29 18:54:52'),
(241, 15, 'Prof. Orrin Hahn', 'Blanditiis qui quibusdam voluptates nobis iusto laboriosam. Fuga voluptatem ab rem sequi et nobis. Quia maxime ipsum eos libero.', 5, '2021-08-29 18:54:52', '2021-08-29 18:54:52'),
(242, 46, 'Jaron Kovacek', 'Alias quo neque dolore ea est sed et. Dolor placeat placeat deleniti aut. Temporibus enim suscipit est doloremque vel et est est. Rerum ab excepturi alias eos.', 4, '2021-08-29 18:54:52', '2021-08-29 18:54:52'),
(243, 5, 'Jamar Bosco', 'Est quia modi omnis sequi voluptatem. Eum ipsum rem aut iste voluptas eum eos. Nesciunt dignissimos quibusdam sunt optio est aperiam soluta.', 5, '2021-08-29 18:54:52', '2021-08-29 18:54:52'),
(244, 14, 'Pierce Morissette', 'Aliquam veritatis nihil iure ut voluptatem eligendi blanditiis consectetur. Et ab voluptatem aut corporis.', 5, '2021-08-29 18:54:52', '2021-08-29 18:54:52'),
(245, 23, 'Mr. Omer Schumm', 'Et aut ut id corporis. Ex rerum corrupti expedita voluptates consectetur aut. Est cupiditate neque dolorem. Non aut veniam accusamus et nam ratione. Numquam quod quidem minus.', 1, '2021-08-29 18:54:52', '2021-08-29 18:54:52'),
(246, 5, 'Henri Prohaska', 'Reprehenderit aut omnis non aut. Quia accusantium et et quia qui voluptas. Voluptate aut debitis et sit saepe eos unde.', 3, '2021-08-29 18:54:52', '2021-08-29 18:54:52'),
(247, 30, 'Ms. Yolanda Heller Sr.', 'Aliquam labore laudantium incidunt itaque vel incidunt ullam. Atque iusto quis praesentium. Iure quia laudantium laboriosam at optio repellendus. Tenetur odit a aliquid tempore excepturi.', 5, '2021-08-29 18:54:52', '2021-08-29 18:54:52'),
(248, 30, 'Karlie Dibbert', 'Possimus earum praesentium quia velit deleniti nihil. Omnis ut quia sapiente quasi. Illo odit assumenda sit voluptate veritatis asperiores unde quis. Laudantium molestiae sit aut accusamus aut.', 2, '2021-08-29 18:54:52', '2021-08-29 18:54:52'),
(249, 21, 'Jeramy Padberg', 'Eaque provident voluptas molestias quibusdam. Numquam sed ut impedit ea vitae et. Deleniti similique et explicabo eum voluptas autem aliquid.', 3, '2021-08-29 18:54:52', '2021-08-29 18:54:52'),
(250, 39, 'Mr. Casimer Hartmann', 'Tenetur ratione quidem consequatur quisquam fuga sapiente voluptas vero. Fugiat sapiente exercitationem libero est odio laboriosam. Eveniet possimus voluptate quo dolorum. Et veniam nisi eos autem natus mollitia.', 4, '2021-08-29 18:54:52', '2021-08-29 18:54:52'),
(251, 7, 'Hadley Armstrong IV', 'Laborum voluptate iste veritatis non nam at illum optio. Ea quia iure odio qui. Reprehenderit voluptatum in culpa facilis voluptate itaque. Amet cum corrupti quasi voluptate aliquam.', 1, '2021-08-29 18:54:52', '2021-08-29 18:54:52'),
(252, 16, 'Rosemarie Renner', 'Voluptas error iusto sint rerum. Facere rerum tenetur quisquam libero. Accusantium rerum molestiae totam ut qui repellat.', 2, '2021-08-29 18:54:52', '2021-08-29 18:54:52'),
(253, 46, 'Marcelina Schowalter', 'Doloribus earum assumenda sit ut maiores reiciendis. Consequatur provident labore qui molestiae odio quia quia.', 0, '2021-08-29 18:54:52', '2021-08-29 18:54:52'),
(254, 14, 'Emmalee Bins', 'Rerum accusantium temporibus repellendus harum magni. Nam voluptatem quia quia quia nam iure sapiente reprehenderit. Perferendis tenetur nihil voluptatem modi enim soluta quisquam.', 3, '2021-08-29 18:54:52', '2021-08-29 18:54:52'),
(255, 38, 'Dr. Else Wisozk', 'Consequatur voluptates ut quis voluptatibus ullam. Magni quis nihil rem nihil. Ut aspernatur ex possimus.', 3, '2021-08-29 18:54:52', '2021-08-29 18:54:52'),
(256, 4, 'Herta Zulauf', 'Non quod eos sit non. Quasi debitis occaecati id magnam harum quasi. Similique dolore et totam delectus neque ut aut atque. Vero quia necessitatibus eaque sint.', 2, '2021-08-29 18:54:52', '2021-08-29 18:54:52'),
(257, 50, 'Catharine Bernier', 'Iusto beatae inventore qui corrupti. Et non ut deleniti. At quae rem facere sed magnam omnis dolor. Est sunt expedita consequuntur.', 3, '2021-08-29 18:54:52', '2021-08-29 18:54:52'),
(258, 50, 'Zita Grant', 'Eos magnam voluptatum officia. Ad numquam voluptas odio nisi aut aut. Vitae sit aperiam qui iusto rerum non et.', 5, '2021-08-29 18:54:52', '2021-08-29 18:54:52'),
(259, 8, 'Justyn Howell', 'Aliquid voluptas dolor vel earum. Voluptas numquam fugiat molestias corrupti soluta rem. Eos veniam impedit sunt et.', 5, '2021-08-29 18:54:52', '2021-08-29 18:54:52'),
(260, 50, 'Afton Dicki', 'Sit ipsa eos est voluptatem quibusdam ut earum. Et voluptas in illo non ut quia. Non et similique aut minima aut debitis. Sint repudiandae fugiat est aliquam eum laborum velit ut.', 3, '2021-08-29 18:54:52', '2021-08-29 18:54:52'),
(261, 44, 'Annabel Langworth', 'Ut suscipit quo sed aut minus magnam voluptatem. Aut architecto velit eos maiores ipsum quo asperiores porro. Ullam consequuntur quam et.', 2, '2021-08-29 18:54:52', '2021-08-29 18:54:52'),
(262, 10, 'Dr. Arthur Moen', 'Vel recusandae aut enim perferendis quis natus officiis. Voluptas beatae modi distinctio error commodi alias. Quo saepe et alias.', 3, '2021-08-29 18:54:52', '2021-08-29 18:54:52'),
(263, 8, 'Ceasar Gerhold', 'Quaerat eius cumque ea quia tempore ab ex nesciunt. Suscipit tempora et veritatis labore eos blanditiis minus. Cumque itaque magnam omnis asperiores consequatur in cum quibusdam.', 5, '2021-08-29 18:54:52', '2021-08-29 18:54:52'),
(264, 34, 'Devante Kuhn', 'Aliquid voluptate aut velit nihil a voluptate. Magnam molestias sit impedit temporibus cum. Nobis cumque est harum labore alias at. Aut neque facere sequi consequatur facere repudiandae quos. Explicabo quisquam iste eaque quod nemo tenetur.', 0, '2021-08-29 18:54:52', '2021-08-29 18:54:52'),
(265, 15, 'Prof. Louvenia Maggio', 'Nobis est non natus porro quis. Nam asperiores iure occaecati sint quia. Atque itaque sit quas distinctio quos aspernatur.', 4, '2021-08-29 18:54:52', '2021-08-29 18:54:52'),
(266, 50, 'Destinee Murphy Jr.', 'Architecto eius alias et omnis. Enim omnis aut consequuntur sit et. Id sunt et quia.', 1, '2021-08-29 18:54:52', '2021-08-29 18:54:52'),
(267, 27, 'Claude Conroy', 'Porro doloribus voluptatum quo sed expedita quam. Autem sunt ut quia velit sint fugit distinctio. In assumenda delectus iusto nisi quae. Aut et et explicabo nostrum delectus iusto voluptatem quod.', 1, '2021-08-29 18:54:52', '2021-08-29 18:54:52'),
(268, 43, 'London Altenwerth', 'Quis qui est magni dolorem. Eaque minima provident debitis qui error unde illum. Dolores est eligendi est voluptatibus et. Asperiores voluptate sit consectetur.', 1, '2021-08-29 18:54:52', '2021-08-29 18:54:52'),
(269, 41, 'Mrs. Sincere Hartmann DVM', 'A beatae molestiae at quis praesentium asperiores consequatur. Excepturi dignissimos nihil enim quo aut non. Non explicabo quisquam reiciendis debitis qui cum aut. Eligendi asperiores praesentium sit soluta.', 1, '2021-08-29 18:54:52', '2021-08-29 18:54:52'),
(270, 49, 'Paul Doyle', 'Qui modi nihil fugiat aut placeat. Eius aut debitis hic ut nulla totam. A voluptatem veniam hic eum totam dolores. Quis pariatur ut repellat eaque praesentium repellat dolor. Voluptatem sunt dolores dolor impedit necessitatibus similique officia.', 0, '2021-08-29 18:54:52', '2021-08-29 18:54:52'),
(271, 33, 'Ms. Earlene Ryan III', 'Beatae maxime dolores et. Quis aspernatur accusamus ab voluptatem. Excepturi rerum iusto error reiciendis.', 3, '2021-08-29 18:54:52', '2021-08-29 18:54:52'),
(272, 21, 'Mr. Richard Funk IV', 'Nihil voluptatem inventore voluptatem aut et. Ut maxime neque eaque dicta natus nisi rem. Sapiente officiis sit sed et id accusamus. Sit similique quas nam quaerat ut.', 0, '2021-08-29 18:54:52', '2021-08-29 18:54:52'),
(273, 18, 'Jalyn Schaefer', 'Non eos voluptas quod laudantium a ea. Nostrum quis modi adipisci sit odit dolores. Cumque iste animi explicabo similique ea in omnis nesciunt.', 0, '2021-08-29 18:54:52', '2021-08-29 18:54:52'),
(274, 49, 'Amalia Rath DDS', 'Veniam nihil sed laboriosam cum aperiam. Et iure ut eum quia. Distinctio dolores nihil omnis pariatur rerum facilis.', 3, '2021-08-29 18:54:52', '2021-08-29 18:54:52'),
(275, 32, 'Lorna Lynch IV', 'Animi incidunt enim nobis explicabo eum est. Optio qui commodi neque natus et et quia. Et accusamus explicabo est eveniet.', 0, '2021-08-29 18:54:52', '2021-08-29 18:54:52'),
(276, 5, 'Kayla Roob DDS', 'Qui et dolorem reprehenderit dignissimos enim esse iste. Sunt eius nemo animi et. Eaque aliquid rerum rerum sapiente. Sunt quia ipsum odio aut aut.', 3, '2021-08-29 18:54:52', '2021-08-29 18:54:52'),
(277, 21, 'Bailey Cole I', 'Qui quas error enim magnam. Nihil nemo nesciunt quos dignissimos officiis nemo id sed. Nemo quia consequatur et enim est magni.', 4, '2021-08-29 18:54:52', '2021-08-29 18:54:52'),
(278, 39, 'Martine Waelchi', 'Eos facere quibusdam ut veritatis. Voluptates sed quis et consequatur ratione illo. Sunt dolorem voluptas dolorem reiciendis in voluptatem aspernatur.', 2, '2021-08-29 18:54:52', '2021-08-29 18:54:52'),
(279, 28, 'Dr. Cristopher Gaylord I', 'Voluptatibus sed non inventore placeat debitis vel. Nobis ut praesentium modi voluptas qui. Ad veniam fugiat aut ipsum. Dicta est nemo animi soluta quos. Natus facere aut accusamus qui magni architecto quasi porro.', 0, '2021-08-29 18:54:52', '2021-08-29 18:54:52'),
(280, 27, 'Prof. Nichole Waelchi', 'Totam est minus sed quo ab. Culpa magni veritatis non qui illum eos sed. Cum tenetur voluptate omnis quo rerum placeat. Deserunt enim occaecati nostrum sint est ab aut.', 0, '2021-08-29 18:54:52', '2021-08-29 18:54:52'),
(281, 6, 'Karolann Dietrich V', 'Est dolorum veritatis error nobis eum. Iure voluptatem dignissimos vitae cum nam. In atque delectus delectus ullam. Beatae inventore dolorem libero qui iusto. Pariatur maxime labore molestiae ut quisquam consectetur.', 4, '2021-08-29 18:54:52', '2021-08-29 18:54:52'),
(282, 36, 'Jennifer Effertz', 'Debitis ut qui consequuntur ut molestiae nostrum dolore et. Vitae aspernatur mollitia laborum delectus architecto rerum. Recusandae rem dicta est autem debitis. Facilis est natus aliquid error quo odio ut.', 1, '2021-08-29 18:54:52', '2021-08-29 18:54:52'),
(283, 1, 'Prof. Jarrell Moen Jr.', 'Eos dolorem doloribus rerum praesentium quae velit. Molestiae ea unde et quaerat est pariatur facilis. Ad neque ut iusto tenetur natus.', 0, '2021-08-29 18:54:52', '2021-08-29 18:54:52'),
(284, 12, 'Jillian Schaefer', 'Sequi cupiditate dolores voluptas voluptas. Sunt quo similique itaque dolor est quam et. Vero quae sapiente qui et provident id. Perspiciatis at dolorem et sed quam enim.', 5, '2021-08-29 18:54:52', '2021-08-29 18:54:52'),
(285, 9, 'Izaiah Dickinson', 'Accusamus enim commodi sed culpa velit et vero. Similique in ab eveniet soluta vitae praesentium. Repudiandae vero illum quasi incidunt qui eligendi est magni.', 2, '2021-08-29 18:54:52', '2021-08-29 18:54:52'),
(286, 13, 'Xzavier Rippin', 'Dolorem cum et commodi expedita. Ut et natus et similique praesentium quibusdam et. Eveniet in nesciunt hic ipsam reprehenderit. Quia ipsum dolorum doloremque aut.', 2, '2021-08-29 18:54:52', '2021-08-29 18:54:52'),
(287, 5, 'Meggie Stehr Sr.', 'Placeat possimus ut perferendis provident commodi quia sunt. Veritatis voluptas eos tenetur voluptas voluptatum et. Recusandae assumenda libero voluptate ullam.', 5, '2021-08-29 18:54:52', '2021-08-29 18:54:52'),
(288, 44, 'Winfield Rodriguez', 'Odio enim temporibus eum adipisci. Sint eaque perferendis et. Sed distinctio et rerum veniam qui.', 4, '2021-08-29 18:54:52', '2021-08-29 18:54:52'),
(289, 6, 'Mr. Marshall Bernier PhD', 'Omnis voluptatem dolorum autem sunt. Non cumque qui ratione harum eligendi ullam. Dignissimos consectetur temporibus atque. Est dolor praesentium qui maxime enim in aut.', 3, '2021-08-29 18:54:52', '2021-08-29 18:54:52'),
(290, 50, 'Mr. Pierre Lockman DVM', 'Ducimus cumque nam sit ab maiores ratione maiores. Deserunt quasi et eaque odit. Cumque error hic omnis fugit.', 5, '2021-08-29 18:54:52', '2021-08-29 18:54:52'),
(291, 44, 'Prof. Mark Champlin IV', 'Velit quidem laudantium eos illo quasi. In totam id ut sit rerum. Consequatur sapiente eveniet magnam exercitationem veritatis doloremque. Et veniam non quia accusantium quasi.', 0, '2021-08-29 18:54:52', '2021-08-29 18:54:52'),
(292, 20, 'Dr. Destini Fadel', 'Dignissimos adipisci non ea sunt fugit sed. Non dolor delectus explicabo nobis est expedita. Dolores illo illum aut quasi. Libero iste exercitationem iusto neque reprehenderit facere id in.', 5, '2021-08-29 18:54:52', '2021-08-29 18:54:52'),
(293, 37, 'Pearl Wolf', 'Necessitatibus corrupti id quidem numquam est quis eius. Quis rerum ducimus vero et corrupti sequi et sit. Quia explicabo similique officia illum ipsum sunt.', 1, '2021-08-29 18:54:52', '2021-08-29 18:54:52'),
(294, 38, 'Peter Gusikowski', 'Tempora veniam accusantium possimus officiis. Est sit nemo non voluptatem voluptas velit eveniet.', 4, '2021-08-29 18:54:52', '2021-08-29 18:54:52'),
(295, 42, 'Donna Nitzsche', 'Qui ipsam eum veniam voluptatum dolorem minima. Id corrupti voluptatibus nisi voluptatibus et sint provident eaque. Reprehenderit in officia necessitatibus quos dolore omnis.', 1, '2021-08-29 18:54:52', '2021-08-29 18:54:52'),
(296, 3, 'Emily Leuschke', 'Quas dolores aperiam omnis voluptatem accusamus velit. Et sed dicta ad molestiae accusantium cumque. Dolorum qui quasi deserunt vitae corrupti sint.', 2, '2021-08-29 18:54:52', '2021-08-29 18:54:52'),
(297, 24, 'Alexandrine Labadie', 'Non facilis ut possimus asperiores voluptatem error sint. Sint soluta neque nisi sunt ipsam amet. Eum nam ut voluptatem ducimus quo nostrum aspernatur. Quis commodi et praesentium aut.', 1, '2021-08-29 18:54:52', '2021-08-29 18:54:52'),
(298, 29, 'Mathilde Crist', 'Fugiat ut quia sapiente magni natus eveniet quibusdam. Id dicta itaque quasi doloremque. Quidem omnis magnam culpa suscipit qui sequi. Corrupti sint sed numquam dolor a veniam temporibus aut.', 2, '2021-08-29 18:54:52', '2021-08-29 18:54:52'),
(299, 25, 'Connie Bode', 'Autem rerum molestias consequatur facere quae ut atque. Assumenda voluptas ut aliquam nobis. Natus voluptate eaque qui sed voluptatem. Consequatur dignissimos nihil voluptas a.', 4, '2021-08-29 18:54:52', '2021-08-29 18:54:52'),
(300, 35, 'Dr. Hadley Cole Sr.', 'Eum ea est est laudantium et fugiat. Deserunt voluptatem perferendis aut blanditiis quia et nam. Error possimus sapiente exercitationem explicabo rerum amet quasi. Nobis nostrum possimus a consequuntur. Consequatur nostrum nostrum amet rem.', 2, '2021-08-29 18:54:52', '2021-08-29 18:54:52');



/*!40101 SET SQL_MODE=@OLD_SQL_MODE */;
/*!40014 SET FOREIGN_KEY_CHECKS=@OLD_FOREIGN_KEY_CHECKS */;
/*!40014 SET UNIQUE_CHECKS=@OLD_UNIQUE_CHECKS */;
/*!40101 SET CHARACTER_SET_CLIENT=@OLD_CHARACTER_SET_CLIENT */;
/*!40101 SET CHARACTER_SET_RESULTS=@OLD_CHARACTER_SET_RESULTS */;
/*!40101 SET COLLATION_CONNECTION=@OLD_COLLATION_CONNECTION */;
/*!40111 SET SQL_NOTES=@OLD_SQL_NOTES */;